id,domain,status,purchase_price,renewal_price,attractiveness,demand,length,registrar,created_at,expires_at,status_verified_at
fa74f0bc-9df5-4f3a-9b89-c9b4584c51a1,alkalizer.lol,available,1.8,40.98,medium,low,9,namecheap,,,
7fd4e601-d601-475b-a944-b32b5efa7ae3,interfaith.lol,available,1.8,40.98,high,low,10,namecheap,,,22/08/2026 08:02
20c3864e-8f8e-42b5-8088-395284d54e40,enraptured.lol,available,1.8,40.98,high,low,10,namecheap,,,14/08/2026 23:46
c7bd4972-6b5e-4161-8be6-9b6e8d5daee2,briggs.lol,available,1.8,40.98,high,low,6,namecheap,,,25/09/2026 15:50
d308a9b7-ec25-4800-a42f-dbd03e43c732,viciously.lol,available,1.8,40.98,medium,low,9,namecheap,,,14/09/2026 01:35
4c631d69-fc6a-434c-ae16-5dabe2c918f6,rarified.lol,available,1.8,40.98,medium,low,8,namecheap,,,17/08/2026 15:46
b6466909-6e3e-48bd-9670-6c1e6412f72f,beachhead.lol,available,1.8,40.98,medium,low,9,namecheap,,,22/09/2026 19:08
0b69c5cf-279d-433a-9892-68715851f4aa,fracas.lol,available,1.99,32.49,medium,low,6,namesilo,,,17/09/2026 14:44
92412796-a06f-4814-ae0f-27102098f4a5,archerfish.lol,available,1.99,32.49,medium,low,10,namesilo,,,20/09/2026 01:56
b20c8801-3c2e-4917-9650-f03ff5ffd0c4,leering.lol,available,1.99,32.49,medium,low,7,namesilo,,,25/09/2026 05:58
69e6ccf2-72b8-4ac5-b448-a157d2717462,aerology.lol,available,1.99,32.49,medium,low,8,namesilo,,,17/09/2026 13:08
e7c1ddf8-5827-415d-a2e0-1f6f7112f9a0,proclaim.lol,available,1.99,,high,low,8,name.com,,,
62bace42-9941-49e6-8bb0-bec6035cd950,mon.lol,premium,778.7,,high,low,3,name.com,,,
11e08468-0f46-4197-ba74-397a94024799,raconteur.lol,available,1.99,32.49,high,low,9,namesilo,,,19/09/2026 05:14
8e027484-8805-42c6-b3a0-feb9566e9671,theorise.lol,available,1.99,32.49,high,low,8,namesilo,,,24/09/2026 17:20
6f6e754a-0848-47e1-8bed-41b084b6e0fa,neighbour.lol,available,1.99,,high,low,9,name.com,,,
ef2c1718-01e7-4dd0-b67d-4d1981db5409,esthesis.lol,available,1.99,32.49,low,low,8,namesilo,,,17/09/2026 13:28
0ae8b9ad-6b1d-424e-ba28-85cdbbd16dbb,cuspid.lol,available,1.8,40.98,medium,low,6,namecheap,,,11/08/2026 17:03
4b80605f-5053-4ab0-ae32-4bf9f99da84f,jingling.lol,available,1.8,40.98,high,low,8,namecheap,,,08/09/2026 03:33
99d684b4-9bad-4414-9c5e-029d4aa405ce,indulging.lol,available,1.8,40.98,high,low,9,namecheap,,,05/09/2026 00:26
2fc5db6c-90f1-484b-ab60-60ecec59a8b2,odorless.lol,available,1.8,40.98,high,low,8,namecheap,,,22/08/2026 06:02
7ac0ac0e-b8bc-4d8a-8ec3-77036669eb55,puzzled.lol,available,1.8,40.98,high,low,7,namecheap,,,07/08/2026 10:53
75ad1af5-ebcb-4cb4-8b60-653de2cee757,larboard.lol,available,1.8,40.98,medium,low,8,namecheap,,,22/08/2026 19:51
f6d59adf-b78e-48de-90c0-e513b9f931d4,nominated.lol,available,1.8,40.98,high,low,9,namecheap,,,03/09/2026 18:18
cbd0ca6a-4ab8-4f44-a128-153fd5b54635,swimmer.lol,available,1.99,32.49,high,low,7,namesilo,,,22/09/2026 13:29
3573ab78-ac04-490d-9210-9b033179e723,anhydride.lol,available,1.99,32.49,medium,low,9,namesilo,,,19/09/2026 08:24
8cb91c57-e842-4185-b074-37e7c59c88a8,affiliation.lol,available,1.99,32.49,high,low,11,namesilo,,,
cc158832-a433-410f-8228-4c643a54f9ae,published.lol,available,1.99,,high,low,9,name.com,,,
f69c0265-2cf1-47ec-bfa9-b64231489231,bickering.lol,available,1.99,32.49,medium,low,9,namesilo,,,23/09/2026 13:12
6fc0321f-6f22-492c-b815-146eaec5d012,righted.lol,available,1.99,32.49,medium,low,7,namesilo,,,20/09/2026 15:58
a93d0704-64f6-4f3c-873e-8b32ec83f443,augustine.lol,available,1.99,32.49,high,low,9,namesilo,,,21/09/2026 04:01
d46e9e7a-ad30-4eea-8bb1-ab21b1fa04b7,tremendous.lol,available,1.8,40.98,high,low,10,namecheap,,,17/08/2026 09:48
ee2a461f-aa32-4d14-883b-5a99596d492c,beastly.lol,available,1.8,40.98,medium,low,7,namecheap,,,09/08/2026 04:54
55e5f974-6327-44a4-8836-9fff5666cb51,jowett.lol,available,1.99,32.49,medium,low,6,namesilo,,,23/09/2026 08:21
e3800294-5a4b-498c-b61f-18b3fa11014c,asthenia.lol,available,1.99,32.49,medium,low,8,namesilo,,,20/09/2026 17:17
0b4c336f-1d98-4e6e-a870-630d5fbcb145,balas.lol,available,1.8,40.98,medium,low,5,namecheap,,,21/09/2026 21:07
1f58c222-af49-46cc-bf90-217a6c35a121,suspension.lol,available,1.99,,high,low,10,name.com,,,
b0773056-8059-4587-b4c2-e3a56b258307,movingly.lol,available,1.8,40.98,medium,low,8,namecheap,,,15/09/2026 15:35
b7d5dbab-5b05-4ec5-9119-bb3583d947f6,saltish.lol,available,1.8,40.98,high,medium,7,namecheap,,,09/09/2026 20:57
5995b741-b6ad-4600-8592-6496a6f3c02d,altering.lol,available,1.99,32.49,high,low,8,namesilo,,,18/09/2026 14:47
696d090c-af4b-4afb-a5ec-598a38627b3e,spaciously.lol,available,1.8,40.98,medium,low,10,namecheap,,,16/09/2026 00:04
100d2af9-96ef-4637-898a-e40d2884b87f,pyretic.lol,available,1.8,40.98,low,low,7,namecheap,,,09/09/2026 07:03
7844cc5d-e796-4fa5-820b-e9d409e63bfd,flier.lol,available,1.8,40.98,high,low,5,namecheap,,,11/08/2026 05:10
83f4c6e4-6f06-458a-b8a5-6a7701a771ca,obliterate.lol,available,1.8,40.98,medium,low,10,namecheap,,,10/08/2026 15:34
4abe27da-b7d0-40e2-96ef-fd233c620fb5,decreasing.lol,available,1.8,40.98,medium,low,10,namecheap,,,13/08/2026 22:12
e5ff34b3-9f66-4172-b2ca-e5e707db40a2,flaxen.lol,available,1.8,40.98,medium,low,6,namecheap,,,18/08/2026 07:23
8b0b30c1-06c4-40a8-9c38-b62995130afa,dodging.lol,available,1.8,40.98,medium,low,7,namecheap,,,21/09/2026 09:51
264d350e-e534-473c-b170-d5e632aa7420,infallible.lol,available,1.8,40.98,high,low,10,namecheap,,,22/08/2026 04:05
465af48e-7ce2-4738-b377-b1d7ea84c806,welch.lol,available,1.8,40.98,high,low,5,namecheap,,,13/09/2026 10:47
a49faf26-c737-4b40-addc-0d890d7de41c,avahi.lol,available,1.99,32.49,medium,low,5,namesilo,,,21/09/2026 08:36
084ca7bd-b025-4d1b-a0a3-7918fa6e8e84,exergonic.lol,available,1.8,40.98,medium,low,9,namecheap,,,17/08/2026 17:06
58f8611e-5780-48e5-9741-4f2987dade25,galling.lol,available,1.8,40.98,high,low,7,namecheap,,,
be7b81b0-b29f-4011-827e-b0f8a89008d4,agendum.lol,available,1.99,32.49,medium,low,7,namesilo,,,17/09/2026 17:05
c8262417-ab5a-4af2-adc7-471149ad7327,grooved.lol,available,1.8,40.98,medium,low,7,namecheap,,,20/08/2026 20:17
4682d373-bf44-4602-ba82-2996971904b8,churning.lol,available,1.8,40.98,high,low,8,namecheap,,,12/08/2026 07:51
7f9d7243-1162-4c17-a55a-52be8f9e0bd3,acetamide.lol,available,1.99,32.49,medium,low,9,namesilo,,,16/09/2026 23:49
8fe3af9b-ca3d-4d05-b455-cc2673ca8c3c,tangential.lol,available,1.8,40.98,medium,low,10,namecheap,,,14/08/2026 07:29
c4c816db-1419-4051-91a2-f7cb5a26402b,peevish.lol,available,1.8,40.98,medium,low,7,namecheap,,,22/08/2026 10:21
a1d93467-be38-471f-967e-a4189f0fd2d6,monoatomic.lol,available,1.8,40.98,medium,low,10,namecheap,,,25/08/2026 04:18
9fd44ea7-161e-4f18-9d8a-c5d2e2b838f2,protozoan.lol,available,1.8,40.98,medium,low,9,namecheap,,,09/09/2026 04:12
2df69c1e-4149-42f7-8658-9d66e83e3a9a,continues.lol,available,1.99,32.49,medium,low,9,namesilo,,,17/09/2026 13:29
c5ae33da-0762-4c3e-8ea0-617cb980a8e3,blacken.lol,available,1.8,40.98,medium,low,7,namecheap,,,10/08/2026 11:10
a533d8c0-9bcc-4b83-a625-ab5440dbdc4c,piles.lol,available,1.8,40.98,high,low,5,namecheap,,,14/09/2026 23:21
d202b120-bc5c-4d82-abe6-935d1d1b80be,hungarian.lol,available,1.8,40.98,high,low,9,namecheap,,,21/08/2026 15:39
7f288049-47ee-4631-aa2d-5bca14d3104a,overturned.lol,available,1.8,40.98,medium,low,10,namecheap,,,04/09/2026 21:55
57c4047e-6372-4415-af88-ffd9efae0e6d,wailing.lol,available,1.8,40.98,medium,low,7,namecheap,,,22/08/2026 19:04
2a836f39-bb8a-47eb-a651-a505f08921c0,unstrung.lol,available,1.8,40.98,medium,low,8,namecheap,,,12/09/2026 20:39
58beb460-2741-4a6b-836c-00292ed78231,metaphoric.lol,available,1.8,40.98,high,low,10,namecheap,,,24/08/2026 21:45
20784517-f65f-4458-a4a9-c8023313c325,fresh.lol,premium,845,845,high,medium,5,namecheap,,,23/09/2026 01:54
e50a6139-efe8-47d7-ae16-6afd24129b5a,freshness.lol,available,1.99,32.49,high,low,9,namesilo,,,24/09/2026 14:06
c538a803-9b1c-488b-ab9f-03041eb11a0f,divorce.lol,premium,2396,2396,high,low,7,name.com,,,14/08/2026 11:12
b1b84cc4-1358-47e9-9348-10a423057ce7,acinus.lol,available,1.99,32.49,medium,low,6,namesilo,,,17/09/2026 01:46
96487ea7-8a98-4194-bc66-d534a686281c,airtight.lol,available,1.8,40.98,high,low,8,namecheap,,,
e3c8b268-9552-4709-9769-015f215aea61,howso.lol,available,1.99,,medium,low,6,name.com,,,
4ea6bd73-5f6f-4420-bd94-4a732e204ae3,acidosis.lol,available,1.99,32.49,medium,low,8,namesilo,,,17/09/2026 01:28
974d4ad7-63cd-4038-9235-c33fe33ff49f,accept.lol,premium,2396,,high,low,6,name.com,,,
f5700305-54e3-4dd6-bd86-41bf6ac30f92,testate.lol,available,1.8,40.98,medium,low,7,namecheap,,,11/09/2026 12:00
bc4e615d-af45-435b-a2b4-55629a5e44fe,stomach.lol,available,1.99,32.49,high,low,7,namesilo,,,16/09/2026 14:47
e9c2ffc3-2bc2-484e-b8ff-85d20eff5d75,iso.lol,available,,,high,high,3,,,,
96ae706a-4ed8-4df9-82ee-75d6d9a491d4,shoebird.lol,available,1.8,40.98,medium,low,8,namecheap,,,21/09/2026 20:37
e4371716-b605-44e9-8024-0f5a9ce58fa1,dixon.lol,available,1.99,32.49,medium,low,5,namesilo,,,25/09/2026 17:44
2ff61b8a-0322-468c-9c1b-98c22a568eec,aimlessly.lol,available,1.8,40.98,medium,low,9,namecheap,,,13/09/2026 18:28
8b8cd921-e70e-4aef-a171-eca1071d6d32,perinatal.lol,available,1.8,40.98,medium,low,9,namecheap,,,08/09/2026 17:07
37227c7a-436c-4650-89fa-947e0a90071a,swaggie.lol,available,1.8,40.98,medium,low,7,namecheap,,,11/09/2026 05:03
51ddb15a-02d3-479d-aa99-81c6e6fe8455,muggy.lol,available,1.8,40.98,medium,low,5,namecheap,,,03/09/2026 10:31
f3a415ee-92ed-4e36-b0bd-1351316ae444,clinics.lol,available,1.99,32.49,medium,low,7,namesilo,,,20/09/2026 12:34
8d9ed68a-88eb-41f5-b5e5-80663804b5fb,dozy.lol,available,1.8,40.98,medium,low,4,namecheap,,,14/08/2026 18:06
46a9a01b-7f34-451e-8c32-5b39ea135021,iffy.lol,available,1.8,40.98,medium,low,4,namecheap,,,18/08/2026 09:22
94800f06-57ff-4dcc-89d1-d3d3d3e119ce,airstream.lol,available,1.99,32.49,high,low,9,namesilo,,,17/09/2026 23:23
98994c40-4088-4156-b190-ccddd1869a02,ruffianly.lol,available,1.8,40.98,high,medium,9,namecheap,,,09/09/2026 19:19
cc676074-e7b8-48c4-ba35-c32b86df08ca,receptive.lol,available,1.8,40.98,high,low,9,namecheap,,,09/09/2026 11:23
48ed157f-f05e-495a-ad91-b8dcf3d32987,spectacled.lol,available,1.8,40.98,medium,low,10,namecheap,,,09/08/2026 17:20
d694229f-8c46-400f-8836-23ba7a53bee8,destitute.lol,available,1.8,40.98,medium,low,9,namecheap,,,14/08/2026 04:32
2927d7ca-b909-4bd8-8ea4-f3184f30e533,aplite.lol,available,1.99,32.49,medium,low,6,namesilo,,,19/09/2026 17:42
c7fde66a-fd25-4655-a831-f4b8de625fdd,woodstock.lol,available,1.8,40.98,high,low,9,namecheap,,,25/09/2026 21:23
e601c797-ac84-41eb-93bb-346ff90451a5,anuria.lol,available,1.99,32.49,medium,low,6,namesilo,,,19/09/2026 15:55
7735b2c6-a72c-4b37-b936-735963495f59,monocled.lol,available,1.8,40.98,medium,low,8,namecheap,,,09/08/2026 17:15
ab02511d-2862-43ce-9338-5e7167db86d2,jovially.lol,available,1.8,40.98,high,low,8,namecheap,,,15/09/2026 09:51
91e7aae0-ad3b-45df-8b6c-a3968e444a79,slew.lol,available,1.8,40.98,high,low,4,namecheap,,,25/08/2026 00:42
2dbfcc22-5b49-42fa-8989-a70c13bf1172,glittery.lol,available,1.8,40.98,high,low,8,namecheap,,,
d908851d-bc2f-4570-baf0-4b6117b1fed9,bespoke.lol,resell,,,high,low,7,"Sav.com, LLC - 40",17/02/2026 16:26,17/02/2027 23:59,26/09/2026 04:22
a65b2157-03b2-4b75-a08b-2a16cd0085f9,northwards.lol,available,1.8,40.98,medium,low,10,namecheap,,,03/09/2026 21:25
2c81d4c8-b982-45ef-8716-ff559c6e2df3,reservedly.lol,available,1.8,40.98,medium,low,10,namecheap,,,15/09/2026 23:22
c577131b-0eab-421f-844d-881550304011,overwhelmed.lol,available,1.99,,medium,low,11,name.com,,,
fbe23e06-4a0f-472f-b409-e79ef7f7becb,amyloid.lol,available,1.8,40.98,medium,low,7,namecheap,,,
01e229b6-9692-43a4-a4b7-473e65854051,aigrette.lol,available,1.8,40.98,medium,low,8,namecheap,,,17/09/2026 20:55
b5fcc15a-3183-4210-975a-c15f3c22473a,languid.lol,available,1.8,40.98,medium,low,7,namecheap,,,22/08/2026 18:03
1d015505-4e99-45d3-8e8f-d893d88487ae,recessive.lol,available,1.8,40.98,medium,low,9,namecheap,,,09/09/2026 11:25
db79f950-fe44-47a1-8056-3a43245ecf4f,nugatory.lol,available,1.8,40.98,low,low,8,namecheap,,,03/09/2026 22:26
c1c7220d-68a7-4b8c-bdc1-ed4f5ebafcae,upbound.lol,available,1.8,40.98,medium,low,7,namecheap,,,12/09/2026 23:02
ddcd1f27-7ded-4dbd-af8a-29308fe41fad,cajole.lol,available,1.99,32.49,medium,low,6,namesilo,,,24/09/2026 04:10
5eabb29c-bd85-467a-9ad7-a8b1c81c6868,noisily.lol,available,1.8,40.98,medium,low,7,namecheap,,,15/09/2026 16:46
07076da4-1e14-49b6-b714-7086d95edb5f,nebraska.lol,available,,,high,low,8,,,,
2f86683a-7e14-4ee7-bde2-e68e745b93b1,tiled.lol,available,1.8,40.98,medium,low,5,namecheap,,,11/09/2026 15:55
7c30eee4-7243-4523-8a13-32e0f6a5c855,inglorious.lol,available,1.8,40.98,medium,low,10,namecheap,,,21/08/2026 18:25
e330e4fb-3f34-4872-93eb-c31717f8a13f,cautionary.lol,available,1.8,40.98,medium,low,10,namecheap,,,
06368bd0-03db-4151-a48d-f0e69275ae7a,enumerate.lol,available,1.8,40.98,high,low,9,namecheap,,,03/09/2026 22:58
ec266bd2-ddf0-46c1-a411-82d5f015ea9a,trigonal.lol,available,1.8,40.98,medium,low,8,namecheap,,,09/09/2026 16:45
54072083-9e13-4a25-808c-ca813af4ea6f,sentiments.lol,available,1.99,32.49,medium,low,10,namesilo,,,17/09/2026 07:39
6c686006-1e04-4427-8749-308197acb4e3,exigent.lol,available,1.8,40.98,medium,low,7,namecheap,,,13/08/2026 09:31
c5fcc113-0e08-4dc7-bc4c-be8bdb21e189,squirting.lol,available,1.8,40.98,high,low,9,namecheap,,,22/08/2026 13:15
81a99769-8e12-498e-bda1-a487b3dae07c,poetically.lol,available,1.8,40.98,high,low,10,namecheap,,,15/09/2026 20:51
67941b69-d46d-42a3-a8ec-38df75978cd0,clinically.lol,available,1.99,32.49,medium,low,10,namesilo,,,
94312972-8687-4b77-8836-756666006277,piggish.lol,available,1.8,40.98,medium,low,7,namecheap,,,21/08/2026 10:18
aeb52d71-e4c1-402a-bfcf-a65720586b6c,phlegmatic.lol,available,1.8,40.98,high,low,10,namecheap,,,08/09/2026 18:53
390af351-4667-449c-a509-b29c2db86554,acquitted.lol,available,1.8,40.98,medium,low,9,namecheap,,,
afb43d70-20f7-416e-8eb1-6b2d760cd84d,baudelaire.lol,available,1.99,32.49,high,low,10,namesilo,,,22/09/2026 16:35
4f1a41fe-47cd-42ef-971e-1ab34ee6efd7,hinault.lol,available,1.99,32.49,medium,low,7,namesilo,,,23/09/2026 09:48
2425492c-8e7d-4971-8ace-11a3ce704ea7,specified.lol,available,1.8,40.98,high,medium,9,namecheap,,,10/09/2026 15:25
2ebc8ad8-31ef-4a71-be14-cf8b3abcb5ea,intuitions.lol,available,1.8,40.98,medium,low,10,namecheap,,,20/09/2026 19:28
7b534c21-97c2-4c5a-9780-681fa06a5f28,syllabic.lol,available,1.8,40.98,high,low,8,namecheap,,,11/09/2026 05:58
b0e32737-553e-4dc2-a3f9-6daffab00bb1,colorless.lol,available,1.8,40.98,medium,low,9,namecheap,,,12/08/2026 17:53
e5101709-82c1-4f95-bf96-25ddd17fff4c,entire.lol,available,1.8,40.98,high,low,6,namecheap,,,17/08/2026 09:57
31227962-d19e-400e-a8b9-21c98d0e7a04,satyrical.lol,available,1.8,40.98,medium,low,9,namecheap,,,09/09/2026 21:57
580cb8ff-5d5c-4ea6-aec1-1b369a1272e5,enceinte.lol,available,1.8,40.98,medium,low,8,namecheap,,,16/08/2026 22:09
233dd4bf-15f1-4bc5-8c04-4c7667e074c0,subnormal.lol,available,1.8,40.98,medium,low,9,namecheap,,,11/09/2026 00:28
5a7559b3-9d3c-4b49-9e3c-5f201b2ca0d2,airspeed.lol,available,1.99,32.49,high,low,8,namesilo,,,17/09/2026 23:22
fc8ef1fd-b6bb-47f9-bb45-f903eb886bc1,graft.lol,available,1.8,40.98,high,low,5,namecheap,,,24/09/2026 10:15
da506ec5-64c9-4660-81a4-c21f9c735a99,anodal.lol,available,1.8,40.98,medium,low,6,namecheap,,,
8e6719be-a672-4b3f-bfa9-7219d4bd57fe,chelonian.lol,available,1.8,40.98,low,low,9,namecheap,,,12/08/2026 04:08
3933a28f-b095-49e2-9102-12a1f53aebf1,aguacate.lol,available,1.8,40.98,medium,low,8,namecheap,,,07/08/2026 23:46
09482ad4-ed62-4c1b-94b7-164cc6755631,postpartum.lol,available,1.8,40.98,high,low,10,namecheap,,,09/09/2026 00:37
9f6f76a5-33a5-4ccb-887e-b58d418a57c7,favours.lol,available,1.99,32.49,medium,low,7,namesilo,,,17/09/2026 23:24
b5ed7362-35f9-4a60-bca5-68b756cec33d,herakles.lol,available,1.8,40.98,high,low,8,namecheap,,,18/09/2026 04:05
dad8f552-eb83-4d10-ab62-ddbcde5eb1ca,inventive.lol,available,1.8,40.98,high,low,9,namecheap,,,21/08/2026 20:18
866d2984-f93d-4f20-b3a9-1b5a788f8414,doubting.lol,available,1.8,40.98,medium,low,8,namecheap,,,14/08/2026 17:01
891874fe-f1ce-4ce1-85ec-6545f0f6d16e,detoxify.lol,available,1.99,32.49,high,low,8,namesilo,,,
a8df38f7-cc41-4a00-ab24-45542a8cdaa0,birling.lol,available,1.8,40.98,medium,low,7,namecheap,,,23/09/2026 20:48
d64efa4c-e2e1-454c-9e1a-062d904c1d04,hypotonic.lol,available,1.8,40.98,medium,low,9,namecheap,,,21/08/2026 17:19
5cb1fd6f-3fcb-41e5-881b-eaa3842d7c31,lucullan.lol,available,1.8,40.98,medium,low,8,namecheap,,,24/08/2026 11:00
83c11ea1-6122-4ae7-9432-7412587fdd7d,tref.lol,available,1.8,40.98,medium,low,4,namecheap,,,03/09/2026 19:37
3c52a269-ab61-4f32-8b58-3da1045db9c5,athenaeum.lol,available,1.99,32.49,high,low,9,namesilo,,,20/09/2026 20:40
4fc1d6dd-2c6f-4401-9582-fbfbbe7d474b,handless.lol,available,1.8,40.98,medium,low,8,namecheap,,,11/08/2026 10:12
44a94dff-9728-47b4-afce-02de788ac1e9,adz.lol,available,1.8,40.98,medium,low,3,namecheap,,,17/09/2026 12:01
3cbf88ac-db40-4c01-a2ca-6ea6cd87ea2b,anosmia.lol,available,1.8,40.98,medium,low,7,namecheap,,,19/09/2026 11:51
ccd5b77e-d692-465d-84d3-7bf78be9b139,perfected.lol,available,1.99,,high,low,9,name.com,,,
c232712e-6f91-4b26-8d80-8f8cd0f12b8d,moneron.lol,available,1.8,40.98,medium,low,7,namecheap,,,25/08/2026 04:30
f47df4bf-c653-40b1-a10a-15440848586c,bedside.lol,available,1.8,40.98,high,low,7,namecheap,,,22/09/2026 23:34
241496b8-4fae-4e65-8cf3-519dfe737508,sleek.lol,resell,,,high,low,5,Dynadot Inc,13/07/2026 02:18,13/07/2027 23:59,26/09/2026 09:04
fbd79f4a-3ff3-4ec6-bbd2-b130db39ead4,unfilmed.lol,available,1.8,40.98,medium,low,8,namecheap,,,12/09/2026 10:14
6c79917a-5e2f-4ace-a773-eda0d828b07d,lacerate.lol,available,1.8,40.98,medium,low,8,namecheap,,,22/08/2026 17:51
8a20d230-1009-4650-bf0b-64635ed06eae,pallas.lol,available,1.8,40.98,high,low,6,namecheap,,,20/09/2026 20:39
6895d92c-fcbb-4dfe-9359-cbf1f82e56ac,undeterred.lol,available,1.8,40.98,medium,low,10,namecheap,,,12/09/2026 07:59
dcd1ad9f-3540-4a34-8a67-7a0c8421cf7f,homewards.lol,available,1.8,40.98,medium,low,9,namecheap,,,21/08/2026 11:24
5c5f9c9c-53b6-4045-9ac8-2d6b697a272b,attalea.lol,available,1.99,32.49,medium,low,7,namesilo,,,21/09/2026 01:14
5dfc5a1d-b5ae-49f6-a1cf-94bac36f4f30,knowledgeable.lol,available,1.99,32.49,high,low,13,namesilo,,,25/09/2026 05:42
48ca7f2a-883d-491b-8729-ee8f67746acc,imprecise.lol,available,1.8,40.98,medium,low,9,namecheap,,,21/08/2026 23:00
7f5d1fe8-33de-4371-acba-5561b3a88cb9,subfusc.lol,available,1.8,40.98,medium,low,7,namecheap,,,10/09/2026 23:47
9cb4fb37-0f87-45d9-b6fc-dbed0005ff78,biochemist.lol,available,1.99,32.49,high,low,10,namesilo,,,23/09/2026 17:44
8eba9a05-a2a1-41a0-823a-2df25fc87479,agnate.lol,available,1.8,40.98,medium,low,6,namecheap,,,
73544ab6-e7b8-41c3-bc2e-e97c0a88d345,mrs.lol,premium,832,832,high,low,3,namesilo,,,25/09/2026 09:30
932571dc-80bf-468b-bee1-990212649bca,undertake.lol,available,1.99,32.49,high,low,9,namesilo,,,24/09/2026 17:44
82c64fc9-e0d9-4572-a2bb-dc6ed30cb6f2,shrewdly.lol,available,1.8,40.98,medium,low,8,namecheap,,,13/09/2026 22:22
b7a90301-74ae-48fc-9a51-0effc3eafdcc,waggish.lol,available,1.8,40.98,high,low,7,namecheap,,,13/09/2026 07:38
ad9c8179-5d3e-4eef-b49a-5c9c1cccb764,sapid.lol,available,1.8,40.98,medium,low,5,namecheap,,,18/08/2026 07:14
86e93302-ae6d-4efe-ab6f-3997d362f28f,landward.lol,available,1.8,40.98,medium,low,8,namecheap,,,15/09/2026 10:39
994b6e28-6557-4c3c-8a31-14f72e3ea7dd,impossibly.lol,available,1.8,40.98,medium,low,10,namecheap,,,15/09/2026 04:27
1054f481-809f-4156-bc80-28f433eb7c57,alienating.lol,available,1.8,40.98,medium,low,10,namecheap,,,
e11d7029-f65d-46bc-9789-ae540e43b60e,squeezable.lol,available,1.8,40.98,medium,low,10,namecheap,,,10/09/2026 17:41
838e01cb-6211-46af-98d4-23348ced21ec,basilica.lol,available,1.99,32.49,high,low,8,namesilo,,,22/09/2026 10:49
3008b9a3-7c7b-4776-9945-519f3626cb93,bowfin.lol,available,1.8,40.98,medium,low,6,namecheap,,,18/09/2026 21:19
4c339970-6ca2-4e8e-9030-7d08d698c50d,reportedly.lol,available,1.8,40.98,medium,low,10,namecheap,,,15/09/2026 23:15
7dcc27ef-8c58-42f3-845b-23687459fcbd,debased.lol,available,1.8,40.98,medium,low,7,namecheap,,,
a4f1b0a6-e3fc-42d8-9239-f5df3385d5a2,campy.lol,available,1.8,40.98,medium,low,5,namecheap,,,11/08/2026 15:48
ea68fa5c-9d2f-4322-92b6-2596acb1ac4d,condemn.lol,available,1.99,32.49,medium,low,7,namesilo,,,
b6bb59a7-7a2b-454d-94a0-37b1b29f5075,audibility.lol,available,1.99,32.49,high,low,10,namesilo,,,21/09/2026 02:52
549d9ecd-7c17-45fc-b3f7-ed561a7f9396,mosque.lol,available,1.99,,high,low,6,name.com,,,
a0a11f79-4915-4a18-90bc-ace028603829,remainder.lol,available,1.8,40.98,high,low,9,namecheap,,,09/09/2026 15:03
99c0011c-48c3-4362-9460-105058cc96cf,triplet.lol,available,,,medium,low,7,,,,
3a0fc44f-0000-46c8-896e-707e9214bb65,frothing.lol,available,1.8,40.98,medium,low,8,namecheap,,,18/08/2026 09:42
69bf07c2-5759-451b-94a2-ee985f46f251,zarqa.lol,available,1.99,32.49,medium,low,5,namesilo,,,21/09/2026 10:58
d31024a2-e0b1-471f-84da-0d42f533d03d,permanent.lol,available,1.8,40.98,high,low,9,namecheap,,,22/08/2026 20:24
be4db72c-0611-431d-9841-11b2bcb44c78,clothe.lol,available,1.8,40.98,high,low,6,namecheap,,,19/09/2026 19:51
c5cc40af-5225-46db-913a-54c162aa1056,danseuse.lol,available,1.8,40.98,medium,low,8,namecheap,,,21/09/2026 22:50
8a839cfc-595a-48d1-acff-4d17dc8f2537,delicately.lol,available,1.8,40.98,high,low,10,namecheap,,,14/09/2026 11:25
bdf67124-20d1-4207-9ac4-a91b5c211227,arizonian.lol,available,1.99,32.49,medium,low,9,namesilo,,,20/09/2026 06:06
7922130d-814c-4562-91fd-06941edb60af,aeon.lol,premium,2660,2660,high,high,4,namesilo,,,17/09/2026 12:39
8b4e11a6-207b-473a-ac5e-92a9fbc3ee73,chalybeate.lol,available,1.8,40.98,medium,low,10,namecheap,,,12/08/2026 01:32
6b8a0954-2060-452f-881c-fdeb502f3188,thee.lol,available,1.99,,high,low,4,name.com,,,
15385f9d-44af-4cc7-9e83-90af249fec0b,carrying.lol,available,1.99,32.49,high,low,8,namesilo,,,
13cb9075-369b-4aa4-93c4-ab8cbaa717bb,nationally.lol,available,1.8,40.98,high,low,10,namecheap,,,03/09/2026 13:44
029ddb78-7bae-48a4-a0a1-fbb8fbd13015,answering.lol,available,1.99,32.49,high,low,9,namesilo,,,22/09/2026 05:38
c99027bf-2502-4dca-a7e3-b20d332bf75c,erogenous.lol,available,1.8,40.98,medium,low,9,namecheap,,,17/08/2026 12:28
f0c72e2f-9e30-4f37-bb3b-e04c88f23237,governable.lol,available,1.8,40.98,medium,low,10,namecheap,,,12/08/2026 23:44
8ea21a16-daac-42b2-9159-913d9a0b83f7,leafless.lol,available,1.8,40.98,medium,low,8,namecheap,,,22/08/2026 21:56
b0d41458-a084-4ca6-b808-047f9bf015e7,bardolatry.lol,available,1.99,32.49,medium,low,10,namesilo,,,22/09/2026 05:17
a96cdc09-a9db-4026-b413-6f7114b0de21,beanbag.lol,available,1.8,40.98,high,low,7,namecheap,,,22/09/2026 20:20
7c640eac-bfbe-441a-987b-9e44dbc7ea1f,illusory.lol,available,1.8,40.98,medium,low,8,namecheap,,,21/08/2026 20:15
dd37c9e1-22bc-4c59-a527-5c6ad39a60bd,meridional.lol,available,1.8,40.98,medium,low,10,namecheap,,,24/08/2026 20:52
ca2565a0-9927-497e-b850-0b207fe50f09,cased.lol,available,1.8,40.98,medium,low,5,namecheap,,,11/08/2026 20:04
7c0c5233-9480-4ede-ba0a-8ff99855a77e,wistful.lol,available,1.8,40.98,high,low,7,namecheap,,,13/09/2026 12:45
484293d3-179d-4de1-8fbb-f502da2163dd,tuscan.lol,available,1.8,40.98,high,low,6,namecheap,,,11/09/2026 21:27
9ba01439-2b10-4aa0-b209-3a1dec303b37,stringy.lol,available,1.8,40.98,high,medium,7,namecheap,,,10/09/2026 08:17
7f670fd2-f498-4b46-b1dc-26f30ffb94aa,cerebellar.lol,available,1.8,40.98,medium,low,10,namecheap,,,12/08/2026 00:28
e115571f-2fdb-43e5-8005-d99127124a04,airfield.lol,available,1.99,32.49,high,low,8,namesilo,,,17/09/2026 23:09
4d35c56d-f641-459b-ba23-5dcd7ce65ff5,stitched.lol,available,1.8,40.98,high,low,8,namecheap,,,10/09/2026 05:09
6fa3a929-1bb0-4c09-96d3-f17a2965e641,aortic.lol,available,1.8,40.98,medium,low,6,namecheap,,,05/08/2026 21:54
9243df4d-cd61-415b-9424-d378b43b4e10,unwieldy.lol,available,1.8,40.98,medium,low,8,namecheap,,,12/08/2026 13:10
083db639-2d58-4f81-b638-ad4fb8aa5e3f,floodwaters.lol,available,1.99,32.49,medium,low,11,namesilo,,,21/09/2026 03:37
14424852-c57c-4066-9c9b-18deaad1bc88,crossed.lol,available,1.8,40.98,high,low,7,namecheap,,,13/08/2026 08:18
7082e498-ba78-45cf-91a9-564d352bc7ef,harmonious.lol,available,1.8,40.98,high,low,10,namecheap,,,21/08/2026 01:03
35227947-791b-4e88-a4e4-7966277effda,deposition.lol,available,1.99,32.49,medium,low,10,namesilo,,,24/09/2026 22:00
213c09b1-ac24-45d2-907e-b7445583f8ce,poisonous.lol,available,1.8,40.98,medium,low,9,namecheap,,,08/09/2026 22:40
8162c582-0c8e-4847-b41f-8e38d215b298,bethune.lol,available,1.99,32.49,medium,low,7,namesilo,,,23/09/2026 11:17
77275b77-c8c9-42a7-8ffc-a68b21a268c9,upmost.lol,available,1.8,40.98,medium,low,6,namecheap,,,11/09/2026 17:50
cf99346d-7b00-45b5-beba-f30cde3b30a6,causal.lol,available,1.8,40.98,high,low,6,namecheap,,,11/08/2026 22:37
1ab37c56-41cb-4851-9d1b-5faca8e6c416,acerate.lol,available,1.8,40.98,medium,low,7,namecheap,,,
54e54a3b-e3c3-4a71-ac4d-8c4327048a61,dakar.lol,available,1.99,32.49,high,low,5,namesilo,,,
8d8c9ef1-1a7f-4615-906d-d05d1e0ebebf,instore.lol,available,1.99,,high,low,8,name.com,,,
7ae6762a-f2c1-42b1-bd59-f6c0117a201e,pseud.lol,available,1.8,40.98,medium,low,5,namecheap,,,09/09/2026 05:04
a38bb54a-f771-4936-89ae-e2bf41192416,saratoga.lol,premium,2396,2396,high,low,8,name.com,,,21/09/2026 04:45
d436dd33-9aac-4e4a-af0d-0ae6939ffb38,binful.lol,available,1.8,40.98,medium,low,6,namecheap,,,23/09/2026 17:14
243dbee6-6d85-4cd3-aa17-301176b417e9,pekan.lol,available,1.99,32.49,medium,low,5,namesilo,,,24/09/2026 00:25
0891524e-a33c-4004-92d5-1b4bd8f060a9,variegated.lol,available,1.8,40.98,medium,low,10,namecheap,,,13/09/2026 01:18
a61d5960-4769-4f98-9705-8024a9109d5d,stadia.lol,premium,2396,2396,high,low,6,name.com,,,17/09/2026 09:03
7467cc0b-ab52-49af-93dd-3f56ae34d337,armet.lol,available,1.99,32.49,medium,low,5,namesilo,,,20/09/2026 06:49
c1f07e6a-dc89-4df5-9197-aa32981f9ea8,bertolucci.lol,available,1.99,32.49,high,low,10,namesilo,,,23/09/2026 09:50
604f9cb7-8ec7-429d-81f9-feabf21888a2,dermal.lol,available,1.99,45.99,high,low,6,name.com,,,13/08/2026 13:00
babd9aa3-ce82-4242-826b-a10568dd4680,supervise.lol,available,1.99,,high,low,9,name.com,,,
b78f48c7-141c-4432-91a6-dfb5d8187b10,trimly.lol,available,1.99,32.49,medium,low,6,namesilo,,,16/09/2026 09:29
a869d561-1686-4e6e-aec8-28781ad0e3ca,teammate.lol,available,1.99,,high,low,8,name.com,,,
7cbd59e5-8f4a-4307-b78a-c76d3c349c74,necessities.lol,available,1.99,,medium,low,11,name.com,,,
621e6e2a-c94e-4302-8fd8-c927b6ab66fd,restrain.lol,available,1.99,,medium,low,8,name.com,,,
1c122751-706e-49dc-b054-373408152dff,inrush.lol,available,1.8,40.98,high,low,6,namecheap,,,22/08/2026 06:17
696ae349-0478-4fdf-b394-681f879b087e,sidewise.lol,available,1.8,40.98,high,medium,8,namecheap,,,10/09/2026 07:48
cece2d57-e278-4cdb-a7c4-71a06187f18f,anglia.lol,available,1.99,32.49,medium,low,6,namesilo,,,19/09/2026 06:45
1335a395-9b77-467a-b3d2-d7263cef4abf,repugnant.lol,available,1.8,40.98,medium,low,9,namecheap,,,
c51f5b52-2ecc-42eb-9d85-0f9403c4c007,berkshires.lol,available,1.99,32.49,medium,low,10,namesilo,,,23/09/2026 09:35
179f1a72-e285-4e5d-8ba1-5ea4531c183f,listened.lol,available,1.8,40.98,medium,low,8,namecheap,,,25/09/2026 19:45
4d5f20e9-722e-42ba-82e6-8d581dc51d44,elongated.lol,available,1.8,40.98,medium,low,9,namecheap,,,16/08/2026 05:26
d3728dbb-d7ab-4d3a-8039-309e55d1791b,atole.lol,available,1.99,32.49,medium,low,5,namesilo,,,20/09/2026 21:52
8d1ec269-4d9a-4eb2-ac33-761f551d5a9b,asphyxia.lol,available,1.8,40.98,medium,low,8,namecheap,,,20/09/2026 15:10
ba87aa12-d252-42b2-8695-ca84920bfa4f,affine.lol,available,1.8,40.98,high,low,6,namecheap,,,
562d6071-163d-452b-8b0c-4837733be1d5,arctiid.lol,available,1.99,32.49,medium,low,7,namesilo,,,20/09/2026 02:47
3bdd252a-7637-4410-bb1f-c5df4d6e6bc0,uphill.lol,available,1.8,40.98,medium,low,6,namecheap,,,
e3c94222-ad47-48a3-a83c-dbb15d1f723e,beldam.lol,available,1.99,32.49,medium,low,6,namesilo,,,23/09/2026 04:45
abfe1bf8-2a8a-4c19-a033-9e97a8288de4,accoutered.lol,available,1.8,40.98,medium,low,10,namecheap,,,
11c01f91-6225-48ba-85c0-80b9ff5a6b18,apsu.lol,available,1.99,32.49,medium,low,4,namesilo,,,19/09/2026 22:37
06a508bf-d83f-4311-b6aa-045094cc0d4a,withal.lol,available,1.8,40.98,medium,low,6,namecheap,,,13/09/2026 18:51
50d455f4-1fe1-4777-9c36-dd01953944b4,thereby.lol,available,1.8,40.98,medium,low,7,namecheap,,,16/09/2026 08:39
40769023-0202-4f82-9f27-e5d788e0da1d,abstruse.lol,available,1.8,40.98,medium,low,8,namecheap,,,
0d0cef6d-c7fd-4c9c-8d49-9a767b8fac6e,stanley.lol,premium,2660,2660,high,low,7,namesilo,,,25/09/2026 06:08
3b93dd8f-742b-4715-818b-9eabed4d9093,aguish.lol,available,1.8,40.98,medium,low,6,namecheap,,,
0fb5b475-d9dd-4a36-bdab-c4846bb6476e,defile.lol,available,1.8,40.98,medium,low,6,namecheap,,,24/08/2026 12:53
6a722dda-4363-45e3-aecd-9106643713d2,recognised.lol,available,1.99,32.49,high,low,10,namesilo,,,21/09/2026 15:30
0d0f0420-c5b1-45ce-83bd-1a2c3b458dcf,vengeful.lol,available,1.99,,medium,low,8,name.com,,,
78a57d0b-b9a2-41c6-97c0-5c7695182d68,bobcat.lol,premium,2660,2660,high,medium,6,namesilo,,,22/09/2026 17:27
47e0cf9f-3423-4c7c-a5e7-b46adf044787,atavism.lol,available,1.99,45.99,medium,low,7,name.com,,,20/09/2026 19:45
66e38575-61f4-4557-87f8-c91111446b37,grueling.lol,available,1.8,40.98,medium,low,8,namecheap,,,06/08/2026 16:45
83a50361-84c1-4e4b-9a9f-94f8489ac10a,dishonesty.lol,available,1.99,32.49,medium,low,10,namesilo,,,
e1a4e17a-d2de-4afe-8895-0f7fc125003c,grandchild.lol,available,1.99,32.49,high,low,10,namesilo,,,
8a56c0aa-235a-41c6-b82c-239943ce1515,untrue.lol,available,1.99,32.49,medium,low,6,namesilo,,,26/09/2026 03:18
ef383ddb-4320-47e9-8624-4aa045c5742a,appears.lol,available,1.8,40.98,medium,low,7,namecheap,,,25/09/2026 20:18
3878ba38-633d-4038-8435-34b4258d3b16,candour.lol,available,1.99,32.49,high,low,7,namesilo,,,24/09/2026 12:03
582eb3b8-60a1-4853-ab41-18cecbfbd84c,cogent.lol,premium,2396,2396,medium,low,6,name.com,,,12/08/2026 15:33
bc02876f-70fd-4679-936c-e8e8b56c5b4e,agnomen.lol,available,1.99,32.49,medium,low,7,namesilo,,,17/09/2026 18:44
0cb079db-23e2-49b3-b124-2ceeac7b76c3,ancestor.lol,available,1.8,40.98,high,low,8,namecheap,,,
b85e7241-c980-454e-be80-28d65c19c141,premarital.lol,available,1.99,32.49,high,low,10,namesilo,,,22/09/2026 06:09
20c7a525-9c85-45af-9710-de3f55418341,cva.lol,available,1.8,40.98,medium,low,3,namecheap,,,19/09/2026 19:12
a52c4152-e6f5-4108-893e-bd65c470a9ca,enmity.lol,available,1.99,32.49,medium,low,6,namesilo,,,19/09/2026 12:26
27896163-3bbc-47e2-a9bd-1c4636bf4681,recycled.lol,available,1.99,,high,low,8,name.com,,,
03a649db-fa74-4414-8e72-86bf71272a8f,desiccated.lol,available,1.8,40.98,medium,low,10,namecheap,,,14/08/2026 03:33
956f6bfb-fa98-4b5f-b239-6b1bf632552f,aculeus.lol,available,1.99,32.49,medium,low,7,namesilo,,,17/09/2026 05:33
a6af03bf-c5b3-482d-8434-42c837bbe3ce,antiphony.lol,available,1.99,32.49,medium,low,9,namesilo,,,19/09/2026 14:57
d8de9e63-b7a9-456a-b8f4-f5538953d7b5,tumid.lol,available,1.8,40.98,medium,low,5,namecheap,,,10/08/2026 18:05
db082a09-4004-4e15-a6f1-58f3852254e6,offending.lol,available,1.8,40.98,medium,low,9,namecheap,,,04/09/2026 01:28
c71e7fed-7412-47a0-9e43-81abe8d3d5e1,antbird.lol,available,1.99,32.49,medium,low,7,namesilo,,,19/09/2026 12:17
13bef6b3-1ba0-4419-abbf-7e47e0ddb2b3,acervate.lol,available,1.8,40.98,medium,low,8,namecheap,,,
1539d6d0-6363-4378-95d6-bd7502b82d92,alar.lol,available,1.8,40.98,medium,low,4,namecheap,,,
69b6f46f-a0a9-4e27-98a7-2d0c32e1bc88,starlit.lol,available,1.8,40.98,medium,low,7,namecheap,,,10/09/2026 18:56
11b0350a-ee79-48d0-b338-10441285cd4c,dissolve.lol,available,1.99,32.49,high,low,8,namesilo,,,
0bf94552-56d2-46b2-ad87-983947597305,goodly.lol,available,1.8,40.98,high,low,6,namecheap,,,20/08/2026 16:36
2214ac35-40eb-4207-b36e-d92d224fa705,murillo.lol,available,1.99,32.49,high,low,7,namesilo,,,22/09/2026 09:24
37dc833c-fb01-479e-825c-508b4a92b2d7,chinquapin.lol,available,1.99,32.49,medium,low,10,namesilo,,,18/09/2026 10:57
6758486b-b46c-4c12-abad-f84a29696fde,paraffin.lol,available,1.8,40.98,high,low,8,namecheap,,,18/09/2026 08:24
37bef970-ccde-4945-907e-1287427ba54e,practitioners.lol,available,1.99,32.49,medium,low,13,namesilo,,,20/09/2026 23:01
2b850e53-fcb3-431e-91cf-2e6c5f3e555b,advancing.lol,available,1.8,40.98,high,low,9,namecheap,,,21/09/2026 20:51
67b0df78-7676-4e0c-b93d-3a29687d11a4,allomorph.lol,available,1.99,32.49,medium,low,9,namesilo,,,18/09/2026 11:59
221153e3-d676-4247-8245-390dd6b5ce52,fusty.lol,available,1.8,40.98,low,low,5,namecheap,,,18/08/2026 16:42
b587b7e8-6be2-4890-b7f3-aeb3868e5e07,weekly.lol,premium,778.7,778.7,high,low,6,name.com,,,21/08/2026 05:36
561a8f63-5f31-4beb-8b36-f5c1a898ae0c,beholding.lol,available,1.8,40.98,high,low,9,namecheap,,,10/09/2026 01:47
8e6af236-6af8-4b8e-a17b-805761fff440,nicaean.lol,available,1.8,40.98,medium,low,7,namecheap,,,03/09/2026 16:59
ea9d1802-f65d-4600-92ad-1df3ecbcc3d0,minimally.lol,available,1.8,40.98,medium,low,9,namecheap,,,15/09/2026 15:02
0d46c54b-3a86-4d24-98fc-52ef3b31666d,tragicomic.lol,available,1.8,40.98,high,low,10,namecheap,,,11/09/2026 18:46
c27aa490-bfc4-437e-b292-f6c7e8f324a2,bandolier.lol,available,1.8,40.98,medium,low,9,namecheap,,,22/09/2026 01:27
5f7454ae-8a5d-4cd5-98f2-98bf0e1db189,starved.lol,available,1.8,40.98,medium,low,7,namecheap,,,17/08/2026 13:45
a9fbcb1d-9a33-4480-869c-ed453c875cae,deafening.lol,available,1.99,45.99,medium,low,9,name.com,,,13/08/2026 19:54
869c91f3-a3ff-472a-8261-66bdbc8fd3eb,machinist.lol,available,1.99,32.49,high,low,9,namesilo,,,19/09/2026 17:14
10fa9160-9044-4512-9b9e-6253cf0a8431,chekhov.lol,available,1.99,32.49,medium,low,7,namesilo,,,19/09/2026 15:27
0c6ac175-04ff-461f-a6f9-33da7eee8dcf,palatine.lol,available,1.8,40.98,medium,low,8,namecheap,,,04/09/2026 23:20
6c8113e1-8d06-48bb-9702-398f4cfc936f,adorned.lol,available,1.8,40.98,high,low,7,namecheap,,,
3aa9a84c-7502-44f8-a974-51da7e1b3ffd,autarchic.lol,available,1.8,40.98,medium,low,9,namecheap,,,07/08/2026 18:36
463ab4e5-e37b-4820-ab2a-5c5d906d291d,freetown.lol,available,1.99,32.49,high,low,8,namesilo,,,24/09/2026 12:22
2d72a2f6-ff62-42b9-a518-e027045291d8,abnormalcy.lol,available,1.99,32.49,medium,low,10,namesilo,,,16/09/2026 16:19
70dff39f-3933-4911-94bf-07c827ce2291,threescore.lol,available,1.8,40.98,medium,low,10,namecheap,,,
67709588-c1d6-4f7b-a949-e2a1906d5e31,bun.lol,premium,845,845,high,low,3,namecheap,,,24/09/2026 11:10
c7b0334b-f053-46c0-bf47-5aadccf11551,bruising.lol,available,1.8,40.98,medium,low,8,namecheap,,,11/08/2026 06:34
32c2353a-9d2c-4461-9cc7-262e98ac1624,nervy.lol,available,1.8,40.98,high,low,5,namecheap,,,11/08/2026 02:28
9a5a2efb-d0e6-4111-a9fa-e3d517717e24,antiquated.lol,available,1.8,40.98,medium,low,10,namecheap,,,
908ebebb-d85d-4fd2-ac4b-e6393d068ba3,vary.lol,available,1.99,32.49,high,low,4,namesilo,,,25/09/2026 21:59
417a95a7-8b3a-4549-8caa-b9eebb8818e3,resignation.lol,available,1.99,,high,low,11,name.com,,,
7517a099-fa78-464b-93a5-64bd9a4249c7,geodetic.lol,available,1.8,40.98,medium,low,8,namecheap,,,18/08/2026 22:21
b02d7ab0-203f-48aa-bb58-e5f32eecb5e5,undated.lol,available,1.8,40.98,medium,low,7,namecheap,,,12/09/2026 06:58
a38e3371-0c2c-48d1-809e-c8ffa295d59c,retirement.lol,premium,778.7,,high,low,10,name.com,,,
5201d97a-e78e-4c98-8cc2-e9d5503e6b8b,clocks.lol,available,1.99,32.49,high,low,6,namesilo,,,18/09/2026 06:14
6524c955-6161-49e6-aa39-091633f83368,sufferer.lol,available,1.99,32.49,medium,low,8,namesilo,,,24/09/2026 22:36
8a43c0e5-d525-406e-aaae-33119651606b,nourished.lol,available,1.8,40.98,high,low,9,namecheap,,,03/09/2026 22:12
d9d8fb3f-3832-4bf9-90c9-55102aac90f5,bagger.lol,available,1.8,40.98,medium,low,6,namecheap,,,21/09/2026 18:02
0c368d3e-eab8-4035-ac07-30185888e2ba,assessor.lol,available,1.99,32.49,high,low,8,namesilo,,,20/09/2026 16:19
2b98d479-1a7f-4727-ab6d-a86eb1061b86,unfree.lol,available,1.8,40.98,medium,low,6,namecheap,,,12/09/2026 10:43
ac4b9e52-b4f1-4e63-9adc-93cb58fdf5fb,horseback.lol,available,1.99,32.49,high,low,9,namesilo,,,21/09/2026 23:38
a7a9763c-3ad3-43c4-b06e-63c150d4c024,endowed.lol,available,1.8,40.98,high,low,7,namecheap,,,17/08/2026 01:23
7f15fbdc-5fb5-47e3-a640-2b671c429403,numinous.lol,available,1.8,40.98,medium,low,8,namecheap,,,03/09/2026 23:01
43ccd89d-1141-4b20-87a5-baedef48fced,disassemble.lol,available,1.99,32.49,medium,low,11,namesilo,,,
c91a8ea9-75e7-4cef-a373-7f503480eebd,humbled.lol,available,1.8,40.98,high,low,7,namecheap,,,21/08/2026 15:00
3d397945-97fd-44f5-8289-edb49955aadc,moonstruck.lol,available,1.8,40.98,high,low,10,namecheap,,,24/08/2026 11:18
31b37cf4-2097-4159-bbe1-0bfad78dfc0e,empathetic.lol,available,1.8,40.98,high,low,10,namecheap,,,16/08/2026 16:43
f4daea31-326a-44d7-909a-1bbbf751d24d,laurie.lol,available,1.99,32.49,high,low,6,namesilo,,,25/09/2026 17:15
65ec98fd-bfd3-4d56-8c12-9ad4c899fa46,berm.lol,available,1.99,32.49,medium,low,4,namesilo,,,23/09/2026 09:41
fe28af48-eb8a-445c-83e5-c2770d4a6be8,wilful.lol,available,1.8,40.98,medium,low,6,namecheap,,,18/08/2026 16:39
3203cb2d-cb1f-4fb5-a816-5ba1db6a282f,annexa.lol,available,1.99,32.49,medium,low,6,namesilo,,,17/09/2026 09:06
9d4871e0-d88a-4be6-92d9-6a8fbfa8d39f,mousy.lol,available,1.8,40.98,medium,low,5,namecheap,,,25/08/2026 08:42
e476a78a-1154-4f00-8563-544cc60e54eb,apostasy.lol,available,1.8,40.98,medium,low,8,namecheap,,,19/09/2026 19:16
2505e1d1-6e89-45b2-a643-79296411b402,barbed.lol,available,1.8,40.98,medium,low,6,namecheap,,,08/08/2026 16:36
4b95a35a-a867-43e6-b61e-e321be00cf0a,anlage.lol,available,1.99,45.99,medium,low,6,name.com,,,19/09/2026 09:53
83e04ba2-f334-43c2-8909-8b992a3c1587,advocacy.lol,available,1.99,32.49,high,low,8,namesilo,,,17/09/2026 11:40
bf46a9ac-f2ea-48ab-a4fb-b36fcb33c320,mexican.lol,available,1.99,45.99,high,low,7,name.com,,,25/09/2026 20:01
20895df0-db7e-4739-9bf6-540759d72f34,plentitude.lol,available,1.8,40.98,high,low,10,namecheap,,,15/09/2026 20:35
c4475859-412d-41c3-9cb2-88efcdcee68d,resole.lol,available,1.8,40.98,medium,low,6,namecheap,,,10/09/2026 13:33
e19d94f4-ed3f-4e0c-b678-f521b9954b8e,fazed.lol,available,1.8,40.98,medium,low,5,namecheap,,,10/08/2026 21:00
a13402e5-d8be-4fc5-b391-f168caa71c43,barograph.lol,available,1.99,32.49,medium,low,9,namesilo,,,22/09/2026 06:59
3adb2628-f825-4953-a6ec-1e8f3382c630,stative.lol,available,1.8,40.98,medium,low,7,namecheap,,,10/09/2026 19:14
9104de6b-2b86-4399-9090-f6ae02460ba8,hoary.lol,available,1.8,40.98,medium,low,5,namecheap,,,20/08/2026 19:20
1a09d6cc-e62b-45bc-9fb9-4222e2a1eb13,minatory.lol,available,1.8,40.98,low,low,8,namecheap,,,24/08/2026 19:58
ad32bef0-093f-4ce2-808a-7f00cf8538e5,subarctic.lol,available,1.8,40.98,medium,low,9,namecheap,,,10/09/2026 23:36
af1e4008-1610-4d43-a7c0-d6fd7c306353,outfitted.lol,available,1.8,40.98,high,low,9,namecheap,,,04/09/2026 19:24
96e535d0-3311-49fc-b832-7328c61af06b,ascesis.lol,available,1.99,32.49,medium,low,7,namesilo,,,20/09/2026 13:10
adf278b9-ec7c-4ee0-9ed8-d7ba602496e5,approached.lol,available,1.99,32.49,medium,low,10,namesilo,,,17/09/2026 16:13
5b858035-55d2-4e4c-b66d-de7777ee669a,dating.lol,premium,778.7,,high,low,6,name.com,,,
0c63068c-e8a9-4ca9-9de5-fc8d03869e2b,tinkling.lol,available,1.8,40.98,high,low,8,namecheap,,,11/09/2026 16:13
4f39fc2f-71b8-4700-94e3-7f3af0276ca3,ponds.lol,available,1.99,32.49,medium,low,5,namesilo,,,18/09/2026 22:37
02644078-d6fa-48e6-b684-0d5533dda62d,undiluted.lol,available,1.8,40.98,medium,low,9,namecheap,,,12/09/2026 08:03
05f7907d-9417-4224-8f9d-6e9ee6dcb3c1,assessment.lol,available,1.99,32.49,high,low,10,namesilo,,,19/09/2026 22:08
0b25ca47-24da-4164-b374-e1f6d5f192cf,skittish.lol,available,1.8,40.98,high,low,8,namecheap,,,10/09/2026 09:48
0bd78486-3f31-4390-9f70-1ffca6bf3f7c,inform.lol,resell,,,high,low,6,Dynadot Inc,11/08/2026 12:55,11/08/2027 23:59,26/09/2026 06:52
efdf18e8-c5ac-4dda-979a-0aa338420f7e,bombproof.lol,available,1.8,40.98,high,low,9,namecheap,,,10/08/2026 18:09
c8c42d70-0307-4a6b-afde-06b27ddf1523,ingrowing.lol,available,1.8,40.98,medium,low,9,namecheap,,,22/08/2026 04:54
42dbcc73-335c-4ad2-85f0-9f9774eaefa3,lyrate.lol,available,1.8,40.98,medium,low,6,namecheap,,,24/08/2026 12:39
00330aea-307b-4d73-9f98-d18f5265a65a,aspartame.lol,available,1.99,32.49,medium,low,9,namesilo,,,20/09/2026 14:43
0831b5e5-075e-4d6b-b296-3434463cb38e,padded.lol,available,1.8,40.98,high,low,6,namecheap,,,13/08/2026 11:57
a16fe8b1-e79d-4fbd-8996-9b11c0effd41,valmy.lol,available,1.99,32.49,medium,low,5,namesilo,,,22/09/2026 16:13
600c5b42-e176-4e53-b546-ea4a86ca20a5,basinet.lol,available,1.99,32.49,medium,low,7,namesilo,,,22/09/2026 10:57
86611e82-fa8b-4bdc-9d12-c6f9eee7305a,ornamental.lol,available,1.8,40.98,high,low,10,namecheap,,,13/08/2026 02:53
8035395e-2a87-4212-981b-abb1d77e9b93,mystical.lol,available,1.8,40.98,high,low,8,namecheap,,,03/09/2026 12:24
54a3cb2f-f13d-4839-896b-1088762fa238,lagger.lol,available,1.8,40.98,medium,low,6,namecheap,,,22/08/2026 18:42
cd0d4a74-e7bc-44a9-b9ad-fff96da09ec5,forsooth.lol,available,1.8,40.98,low,low,8,namecheap,,,14/09/2026 19:55
d3032cc7-5351-4bc6-a663-897461504329,bodies.lol,available,1.99,32.49,medium,low,6,namesilo,,,25/09/2026 16:46
f425dd6b-d4f7-4f28-88b1-2f96e516c290,bulbous.lol,available,1.8,40.98,medium,low,7,namecheap,,,09/08/2026 13:39
95393d71-bac5-4d3e-99f4-ba7384717775,slue.lol,available,1.8,40.98,high,medium,4,namecheap,,,10/09/2026 06:20
91f7b2c6-dad0-4e1e-a506-e41d02386a39,jutting.lol,available,1.8,40.98,medium,low,7,namecheap,,,22/08/2026 14:44
3a91e428-2c02-41ee-9388-ed84c3594338,employable.lol,available,1.8,40.98,high,low,10,namecheap,,,16/08/2026 18:22
1e0f08c0-70d1-4741-ae37-4b54e62b2168,detest.lol,available,1.99,32.49,medium,low,6,namesilo,,,
e6d91a95-4dbc-4dfd-b43c-9fbf7bc3ef6d,queensland.lol,available,1.99,45.99,high,low,10,name.com,,,25/09/2026 10:12
cc4b52ad-da7c-438b-8889-ceafd2fa54bb,edacious.lol,available,1.8,40.98,medium,low,8,namecheap,,,15/08/2026 05:24
79c991d9-ba7f-403d-a206-cacb08c37e3a,dishonored.lol,available,1.8,40.98,medium,low,10,namecheap,,,14/08/2026 10:23
4b2cd290-757e-46a4-85b6-ea521e720e0e,disruptive.lol,available,1.8,40.98,medium,low,10,namecheap,,,14/08/2026 12:21
8dcfe894-2061-4d26-a883-8b37f60d834d,respondent.lol,available,1.99,32.49,high,low,10,namesilo,,,22/09/2026 05:39
4ab47c77-8d35-4738-a25a-24d25d5a1fd2,basia.lol,available,1.99,32.49,medium,low,5,namesilo,,,22/09/2026 10:34
0a5da1b8-4f0d-45fa-a9eb-f26cc31c8fc8,autocue.lol,available,1.8,40.98,medium,low,7,namecheap,,,21/09/2026 06:14
819469e7-7199-497f-b1cc-6b9e1c82f842,abattis.lol,available,1.99,32.49,medium,low,7,namesilo,,,16/09/2026 14:11
786afb2b-bb5e-4b0c-8de3-28645993f810,cellini.lol,available,1.8,40.98,high,low,7,namecheap,,,23/09/2026 08:47
f7a10c58-e4b9-4a6d-a999-45848265d1c2,essene.lol,available,1.8,40.98,medium,low,6,namecheap,,,17/08/2026 13:19
0355669d-c4a7-455d-aa57-9f404001ed21,prototypic.lol,available,1.8,40.98,medium,low,10,namecheap,,,06/08/2026 15:42
4da91924-98c1-4387-9169-2b5356538a15,nance.lol,available,1.8,40.98,medium,low,5,namecheap,,,09/09/2026 08:05
4739b203-e6ea-4b1b-b348-ce0cbdb9b718,olympia.lol,available,1.99,,high,low,7,name.com,,,
596ea104-c21e-44f6-bede-509684990ab4,acedia.lol,available,1.99,32.49,medium,low,6,namesilo,,,16/09/2026 23:26
03e215dc-87d2-46f3-a42c-eb42c2732aa5,shrubby.lol,available,1.8,40.98,medium,low,7,namecheap,,,18/08/2026 17:15
775eebc5-7640-4d25-8884-6b6a68181a9c,hotfoot.lol,available,1.8,40.98,high,low,7,namecheap,,,09/09/2026 19:44
b0bca129-adb1-43be-94e2-e534bc1e8d17,indigotin.lol,available,1.8,40.98,medium,low,9,namecheap,,,22/08/2026 03:05
51736ee0-3d92-4c06-af8f-5f8235850875,welshman.lol,available,1.8,40.98,medium,low,8,namecheap,,,13/09/2026 10:44
61dfdf10-9c7e-454d-b739-aeb488ff4733,elfish.lol,available,1.8,40.98,high,low,6,namecheap,,,16/08/2026 03:41
a8b8fd76-b5f5-469d-b5bf-b507f34c664e,favourite.lol,available,1.99,45.99,high,low,9,name.com,,,13/08/2026 18:17
6cab9030-5255-4f79-9eac-7ee89abc4a2c,soundable.lol,available,1.8,40.98,medium,low,9,namecheap,,,17/08/2026 23:44
eba901d7-6b8e-4803-8505-e37f483902f1,throngs.lol,available,1.99,32.49,medium,low,7,namesilo,,,20/09/2026 14:21
77ad5669-ba79-4f97-b961-0fd5539a44bf,heilong.lol,available,1.99,32.49,medium,low,7,namesilo,,,19/09/2026 00:15
1a7c4bdd-4618-4d58-a352-8b164070cb48,acapulco.lol,available,1.8,40.98,high,low,8,namecheap,,,16/09/2026 21:10
b31ab3d0-c1ed-4255-82a5-f3d68a26d2b6,grayly.lol,available,1.8,40.98,low,low,6,namecheap,,,14/09/2026 22:14
3268b273-72c2-4741-a5cf-0985de13e538,pugin.lol,available,1.99,32.49,high,low,5,namesilo,,,21/09/2026 04:06
fb7e311b-97da-45a3-b85c-fb3de978e113,unsheared.lol,available,1.8,40.98,low,low,9,namecheap,,,12/09/2026 19:44
cc3cc1be-1234-484d-9222-9cdca68dbe2a,patterned.lol,available,1.8,40.98,high,low,9,namecheap,,,08/09/2026 10:49
ffe012e8-3e26-4b45-98a0-ecf9cd740ba0,sideboard.lol,available,1.8,40.98,high,low,9,namecheap,,,24/09/2026 10:55
918d66cc-c184-4e4f-8c34-31e453e46723,windup.lol,available,1.8,40.98,high,low,6,namecheap,,,13/09/2026 12:18
19ec37ec-985b-4380-b670-b433a6563ffb,douglass.lol,available,1.99,32.49,high,low,8,namesilo,,,25/09/2026 22:23
24b4002b-bdee-4be9-90a7-a6e031a983fe,clathrate.lol,available,1.8,40.98,medium,low,9,namecheap,,,11/08/2026 16:23
302c07d1-9e92-4598-b8c8-86f0000a6b03,interests.lol,available,1.99,32.49,high,low,9,namesilo,,,25/09/2026 16:44
d880aa94-98e6-46b0-bde4-4a89289d724f,marriage.lol,premium,2396,,high,low,8,name.com,,,
5f0e9219-4be9-4e59-9820-4b626a25bef0,aristocrat.lol,available,1.99,32.49,high,low,10,namesilo,,,20/09/2026 05:51
07b7029d-04ed-40ca-9ea1-f3fd0359c1d1,pastorale.lol,available,1.8,40.98,high,low,9,namecheap,,,08/09/2026 10:10
d2cb136f-5c6e-4cb6-9b76-4a8880a65d16,hazardous.lol,available,1.8,40.98,medium,low,9,namecheap,,,21/08/2026 01:42
2678808a-5172-45ab-af6b-31abfa5d4523,animating.lol,available,1.99,32.49,high,low,9,namesilo,,,22/09/2026 05:08
7e4ef5fb-2fb8-4aac-ae26-1895fb81ffe5,avionics.lol,available,1.99,32.49,high,low,8,namesilo,,,21/09/2026 09:35
1b66a136-349f-4394-9fee-902e47968cc7,fulgurant.lol,available,1.99,45.99,medium,low,9,name.com,,,13/08/2026 18:59
94f6a058-391c-4d29-824b-0d7f4df29ec9,shopsoiled.lol,available,1.8,40.98,high,medium,10,namecheap,,,10/09/2026 06:45
a05ecb80-4760-4234-bb7c-75616587d197,pectoral.lol,available,1.8,40.98,medium,low,8,namecheap,,,08/09/2026 11:58
de4159f4-4876-4af7-bb35-4e2ea559a608,hardheaded.lol,available,1.8,40.98,medium,low,10,namecheap,,,21/08/2026 00:26
e9c496c5-c602-4a1d-90f2-2241dae9df60,amalgamate.lol,available,1.99,32.49,high,low,10,namesilo,,,22/09/2026 03:01
1503c7b8-4293-44c8-95f2-5aa42ca13505,woeful.lol,available,1.8,40.98,medium,low,6,namecheap,,,17/08/2026 16:46
fde71eea-d715-40ec-834c-a74142346060,spaces.lol,resell,,,high,low,6,Dynadot Inc,16/08/2023 04:57,16/08/2027 23:59,26/09/2026 09:11
fc245078-f644-41fb-839c-6f9812196969,mar.lol,premium,832,832,high,low,3,namesilo,,,24/09/2026 05:35
d961e763-c18e-4fd8-b539-929bfcf99074,antigua.lol,available,1.8,40.98,high,low,7,namecheap,,,19/09/2026 14:32
aa64cb5b-dc7c-4542-a27d-5262dcbc76a2,focuses.lol,available,1.99,32.49,medium,low,7,namesilo,,,20/09/2026 21:43
2c7b081c-f0d9-42ae-908a-0a8c8305f8bc,pittsburgh.lol,available,1.99,,high,low,10,name.com,,,
ab94a1a4-4d9c-4dff-99c0-245c413d86ad,marketable.lol,available,1.8,40.98,high,low,10,namecheap,,,24/08/2026 16:04
64b35d94-0017-4ff2-9e93-213164bdd216,faced.lol,available,1.8,40.98,high,low,5,namecheap,,,17/08/2026 20:20
6b756097-5a2a-46ae-bc25-55ccf4de2684,scummy.lol,available,1.8,40.98,medium,low,6,namecheap,,,
156a687b-e8fa-4619-b37b-2d975c76a5dd,bioethics.lol,available,1.8,40.98,high,low,9,namecheap,,,23/09/2026 17:56
4d9f8417-f5fc-4fb4-9f82-e3eb7ce5ba3c,adequacy.lol,available,1.99,32.49,high,low,8,namesilo,,,17/09/2026 07:43
81f99b78-0727-4bd4-9a10-e0fddbb36b74,oneiric.lol,available,1.8,40.98,high,low,7,namecheap,,,04/09/2026 15:12
eafd88c9-f9b6-4db8-a339-a1aa59a6af22,lohan.lol,available,1.8,40.98,medium,low,5,namecheap,,,20/09/2026 05:07
f21cc6cb-bd00-4c00-adce-6941a3ef0059,guttural.lol,available,1.8,40.98,medium,low,8,namecheap,,,13/08/2026 07:31
f56b40c0-4cb8-4076-b526-881530b5e248,trouper.lol,available,1.8,40.98,high,low,7,namecheap,,,22/09/2026 06:54
0d2042b9-fad5-4a6c-8e26-6ef5eaba286c,theban.lol,available,1.8,40.98,high,low,6,namecheap,,,11/09/2026 12:35
1d2fb43c-c32f-4986-a99e-5fca73b07052,orthopedic.lol,available,1.8,40.98,high,low,10,namecheap,,,04/09/2026 18:03
da4dcb40-e490-4712-83bb-55a471635662,chaff.lol,available,1.8,40.98,medium,low,5,namecheap,,,22/08/2026 13:50
2c1ed93d-830d-4e7f-b8e4-d982615bc8a4,backfield.lol,available,1.99,32.49,medium,low,9,namesilo,,,21/09/2026 15:27
02fe4f65-2a7c-49f4-82c0-17945a94951e,edentulous.lol,available,1.8,40.98,medium,low,10,namecheap,,,15/08/2026 08:36
80acd164-2f45-4075-9704-f00e5e57312a,thousandth.lol,available,1.8,40.98,high,low,10,namecheap,,,
65860c5f-67f7-484c-9d45-6a8ca9632637,teasing.lol,available,1.99,32.49,high,low,7,namesilo,,,22/09/2026 05:24
47528863-97df-4991-b94c-6c6bbdcccecb,frontal.lol,available,1.8,40.98,high,low,7,namecheap,,,18/08/2026 16:15
8ba076ea-b7ad-431b-9791-93f7551a6d4a,umpteen.lol,available,1.8,40.98,low,low,7,namecheap,,,11/09/2026 23:06
5bcb2f2e-f967-4c55-90b1-ceac6f817239,bite.lol,premium,778.7,,high,low,4,name.com,,,
0af8df9d-3c99-44c7-8171-05a66b635c17,philippi.lol,available,1.8,40.98,medium,low,8,namecheap,,,22/09/2026 15:38
68d968da-d9cf-4006-9a40-387425c1c481,apteryx.lol,available,1.8,40.98,medium,low,7,namecheap,,,19/09/2026 22:37
db56d376-775e-485d-a6a8-2e34bbde4947,alienate.lol,available,1.8,40.98,medium,low,8,namecheap,,,
0fcf0163-3f94-451a-8635-b19df70ca286,abila.lol,available,1.99,32.49,medium,low,5,namesilo,,,16/09/2026 15:52
d97459a9-a22a-45d3-9276-cba5862ef943,bangui.lol,available,1.8,40.98,medium,low,6,namecheap,,,22/09/2026 02:03
7810b336-17aa-4703-b2c5-2aa4afbdd482,festival.lol,premium,832,832,high,low,8,namesilo,,,19/09/2026 17:31
9a49fb7b-d83d-44cb-a670-a59f892de691,accredited.lol,premium,832,832,high,low,10,namesilo,,,21/09/2026 15:54
c27c56f8-8cb4-489b-bdcc-6166a0410a50,adhocracy.lol,available,1.99,32.49,medium,low,9,namesilo,,,17/09/2026 08:02
fdb05d86-9884-459b-953c-1698c497589e,hbo.lol,resell,,,high,medium,3,"NameCheap, Inc.",16/09/2021 15:22,16/09/2027 23:59,26/09/2026 06:36
04df2f98-dd2b-4abc-a18f-eee37dc984a1,resolutely.lol,available,1.8,40.98,medium,low,10,namecheap,,,14/09/2026 11:12
4ffbabcd-503f-4fce-9b23-8db47b88f262,facilitating.lol,available,1.99,32.49,medium,low,12,namesilo,,,
208afe7d-0f90-4f06-981c-d72a93e94d1d,fractional.lol,available,1.8,40.98,high,low,10,namecheap,,,18/08/2026 13:52
a2b369c8-9807-43d8-a57b-002e9501001d,unlivable.lol,available,1.8,40.98,medium,low,9,namecheap,,,12/09/2026 14:57
4382e96b-4a4f-4945-8491-952dfb1d05a1,nonstick.lol,available,1.8,40.98,medium,low,8,namecheap,,,03/09/2026 20:45
1c3c8b79-6762-4a98-b3a3-db2253b66253,oxidative.lol,available,1.8,40.98,medium,low,9,namecheap,,,04/09/2026 22:23
d2317c74-652d-41bf-bdf0-dd1fc1dc536e,pitahaya.lol,available,1.99,32.49,medium,low,8,namesilo,,,16/09/2026 20:46
0f825a03-1a4b-4c91-a1ec-f3c54ed1e1b9,bigos.lol,available,1.99,32.49,medium,low,5,namesilo,,,23/09/2026 15:19
506960cb-ebd9-4de6-9435-3f07d919dc56,drily.lol,available,1.8,40.98,medium,low,5,namecheap,,,14/09/2026 14:23
4115a3d1-3434-4478-a33f-b26d0e69c862,stealthy.lol,available,1.8,40.98,medium,low,8,namecheap,,,18/08/2026 19:00
808e0486-515b-42da-a9dd-27606a3f07d3,liberties.lol,available,1.99,32.49,medium,low,9,namesilo,,,18/09/2026 04:52
d7b49f6d-2bfb-4f3e-9741-9acd6ccbeaf8,amputation.lol,available,1.99,32.49,high,low,10,namesilo,,,18/09/2026 23:52
b22786b2-9916-4e18-a9e7-7289cec5e05f,chelate.lol,available,1.8,40.98,medium,low,7,namecheap,,,12/08/2026 04:03
c2a2779a-92bc-49bd-9c6e-995822e0ccf1,extant.lol,available,1.8,40.98,medium,low,6,namecheap,,,17/08/2026 18:56
ca8b6e0f-5ebe-4c63-9690-c1e42db120da,godfrey.lol,available,1.8,40.98,high,low,7,namecheap,,,25/09/2026 18:26
ae589a88-7904-4547-baaa-40e4f06f48f9,dependent.lol,available,1.8,40.98,high,low,9,namecheap,,,14/08/2026 02:06
57d1dbab-b276-4128-ace0-d17d64c682c5,grandparent.lol,available,1.99,32.49,high,low,11,namesilo,,,19/09/2026 04:27
095276fa-97d8-47ba-b011-244d6efea5eb,denary.lol,available,1.8,40.98,medium,low,6,namecheap,,,13/08/2026 21:30
4d0cb569-8ce2-4f4c-9a76-7c9ab943ffcd,expandable.lol,available,1.8,40.98,high,low,10,namecheap,,,17/08/2026 17:51
e0d8667c-4e8f-4406-8cc1-6f89ce5296d0,lapsing.lol,available,1.8,40.98,medium,low,7,namecheap,,,09/09/2026 16:15
11c29f4a-74c8-4951-9cb9-4875ec1d838a,hesitation.lol,available,1.99,32.49,high,low,10,namesilo,,,24/09/2026 16:28
212f2a8a-b667-4ffc-9bc8-313267b25c55,terribly.lol,available,1.99,32.49,medium,low,8,namesilo,,,22/09/2026 15:23
81005db2-ffdb-4c8c-a245-cbbcebf17280,experienced.lol,available,1.99,32.49,high,low,11,namesilo,,,
962cbe11-fc3a-40f7-bdfe-59bd84b7db5f,barricade.lol,available,1.8,40.98,medium,low,9,namecheap,,,22/09/2026 08:32
b0469d07-cc2a-40f7-8d5f-d5efe3e94b95,bras.lol,available,1.99,32.49,high,low,4,namesilo,,,17/09/2026 13:20
7509981b-73d4-43ae-a785-ec70db00a4be,tricolour.lol,available,1.8,40.98,high,low,9,namecheap,,,11/09/2026 19:27
af149ea0-3277-4db6-a65c-490829aa04b1,ambler.lol,available,1.8,40.98,medium,low,6,namecheap,,,18/09/2026 17:07
1f00e36b-d651-4f44-9a28-944d8f0c3e2f,modernity.lol,available,1.99,32.49,high,low,9,namesilo,,,24/09/2026 17:40
eea74a7b-63fe-457d-8524-af33d549770f,curvey.lol,available,1.8,40.98,medium,low,6,namecheap,,,13/08/2026 11:51
9b39850e-0de8-470a-9af6-3625a806b7a3,overjoyed.lol,available,1.8,40.98,high,low,9,namecheap,,,04/09/2026 20:49
11ba617a-bdd8-490c-ace3-0062f1ba25aa,stepson.lol,available,1.99,,high,low,7,name.com,,,
1ab6cea9-711f-452b-8850-cd6dc6fcb758,serb.lol,available,1.8,40.98,high,low,4,namecheap,,,10/09/2026 04:35
4f93d9ea-a9fb-4fc5-b716-7d3eda32975f,unimposing.lol,available,1.8,40.98,medium,low,10,namecheap,,,12/09/2026 13:12
1151e460-e4e0-429e-bffa-aca4731f27d1,anglian.lol,available,1.99,32.49,high,low,7,namesilo,,,19/09/2026 06:48
8ad29c61-216f-4390-8d06-5f9881c406ea,mouthfeel.lol,available,1.99,,medium,low,10,name.com,,,
d147bc06-219a-4184-8878-ce6d68968ac5,halting.lol,available,1.8,40.98,medium,low,7,namecheap,,,13/08/2026 07:02
09c8be3d-2105-427a-9f01-03b5edf85d13,piebald.lol,available,1.8,40.98,medium,low,7,namecheap,,,03/09/2026 10:37
7c596a0a-94d2-49de-a558-1b67e4effee4,reeking.lol,available,1.8,40.98,high,medium,7,namecheap,,,09/09/2026 12:32
508e5a9a-24be-432a-9c6b-25b905acf21d,esthesia.lol,available,1.99,32.49,medium,low,8,namesilo,,,17/09/2026 13:25
a39c7ed2-80dc-45f8-80f9-8bc5c0e30d6a,fungal.lol,available,1.8,40.98,medium,low,6,namecheap,,,18/08/2026 18:28
bf670c58-a594-4a18-b1b8-55b0e52b72a5,trivially.lol,available,1.99,32.49,low,low,9,namesilo,,,16/09/2026 09:31
5ac74ce1-95e3-4b7b-9bac-09e4b5b14b7b,occluded.lol,available,1.8,40.98,medium,low,8,namecheap,,,04/09/2026 00:12
ee8ad57f-52d4-4d3c-91bc-1dd6d33a56e6,brushy.lol,available,1.8,40.98,medium,low,6,namecheap,,,10/08/2026 20:19
259fe7c3-4b83-49bd-8e84-38737470f53c,venerable.lol,available,1.99,,high,low,9,name.com,,,
bb44a896-ee64-4835-af24-7e613ae57318,chatterer.lol,available,1.99,32.49,high,low,9,namesilo,,,21/09/2026 12:24
aaba99ca-6b5e-4399-bde5-6cdc355e31bf,crazed.lol,available,1.8,40.98,medium,low,6,namecheap,,,13/08/2026 05:31
b9328797-1926-4fb7-917b-6eab70368e48,apulia.lol,available,1.8,40.98,medium,low,6,namecheap,,,19/09/2026 22:42
8c0ce6eb-721b-4fa3-95e3-a7f7e48d6021,boast.lol,available,1.8,40.98,high,low,5,namecheap,,,11/08/2026 01:02
a3144d55-1321-443b-976c-530c2cb99686,orphic.lol,available,1.8,40.98,high,low,6,namecheap,,,03/09/2026 12:27
f682b09e-b6f3-4ee1-8a72-01cd1faedd96,preventive.lol,available,1.99,32.49,high,low,10,namesilo,,,23/09/2026 22:24
338f1d4f-196e-413a-9ed4-54cbaa17c982,acutely.lol,available,1.8,40.98,high,medium,7,namecheap,,,10/09/2026 06:02
693b289a-69cd-42d4-b289-bf073cc7d45e,aflutter.lol,available,1.8,40.98,medium,low,8,namecheap,,,
a0337c3f-0845-4e4e-b2c8-9086031f017d,assemblage.lol,available,1.99,32.49,high,low,10,namesilo,,,17/09/2026 17:28
f08f0f74-4a31-413a-85f3-6f3bbb26f0d6,improperly.lol,available,1.8,40.98,medium,low,10,namecheap,,,15/09/2026 04:32
85c7b2b6-86d9-4f16-bc12-43274d5513ca,soundproof.lol,available,1.8,40.98,high,medium,10,namecheap,,,10/09/2026 14:44
0ad37b52-15bd-4921-9e5a-5c7ea7c54a0f,dentistry.lol,available,1.8,40.98,high,low,9,namecheap,,,24/09/2026 21:55
aa800e81-6efc-4eb2-9648-f1b11b04fa04,hindoo.lol,available,1.8,40.98,high,low,6,namecheap,,,21/08/2026 09:33
4df1366e-4fc9-46b7-aadd-d3d4e1f95f17,atomism.lol,available,1.99,32.49,medium,low,7,namesilo,,,21/09/2026 00:24
b68bc3cb-73f0-4de2-8755-d5af79576a4a,issus.lol,available,1.8,40.98,medium,low,5,namecheap,,,22/09/2026 15:11
b4f5df7a-2a90-427b-b568-9f04ace8ac40,perceptive.lol,available,1.8,40.98,high,low,10,namecheap,,,08/09/2026 16:12
45c00d8e-0605-45a3-bb49-8a511cb5b072,fittingly.lol,available,1.8,40.98,medium,low,9,namecheap,,,13/09/2026 20:32
527457dd-1013-401e-9590-866b4c7b837a,baud.lol,available,1.8,40.98,medium,low,4,namecheap,,,22/09/2026 16:32
0c550d31-0519-4838-b4d5-030926f3bf26,tutorial.lol,premium,845,845,high,low,8,namecheap,,,11/09/2026 21:31
e581dee0-6ba3-4105-a22a-ff5ce829449d,uric.lol,available,1.8,40.98,medium,low,4,namecheap,,,12/09/2026 23:37
a02d0a05-dd8e-462d-83d0-c9ea6dbfe581,redevelopment.lol,available,1.99,32.49,medium,low,13,namesilo,,,20/09/2026 23:43
bb04cb11-637a-4101-8242-31c1fe6e7f3f,comforter.lol,available,1.8,40.98,medium,low,9,namecheap,,,18/09/2026 10:03
338b4686-3abf-4737-ad10-4a4496481bf4,evaporated.lol,available,1.8,40.98,medium,low,10,namecheap,,,17/08/2026 14:45
6778c319-c285-4d5c-98d3-475e80be93f9,palpatory.lol,available,1.8,40.98,medium,low,9,namecheap,,,05/09/2026 00:12
6bd00ba1-8634-4bd3-b5ac-2c01d22f7662,incite.lol,available,1.8,40.98,high,low,6,namecheap,,,09/09/2026 03:18
023f2ee1-6b5f-4f4d-95b4-6dd203739473,hierarch.lol,available,1.8,40.98,medium,low,8,namecheap,,,20/09/2026 02:30
ff1e8a1b-b192-4f27-a533-bdd68136bbfe,uttered.lol,available,1.8,40.98,medium,low,7,namecheap,,,17/08/2026 18:44
927b6740-3dfd-49b3-9fb0-1d531ea495f1,samoan.lol,available,1.8,40.98,high,medium,6,namecheap,,,09/09/2026 21:09
83234b4e-c28a-4d4d-a665-0291c846d568,attestor.lol,available,1.99,32.49,medium,low,8,namesilo,,,21/09/2026 01:38
c7dab8d1-37a7-40a5-997c-1a834684abec,southampton.lol,available,1.8,40.98,medium,low,11,namecheap,,,25/09/2026 14:27
d0440b40-eb3a-4086-a986-b78b6533627a,renewed.lol,available,1.8,40.98,high,low,7,namecheap,,,09/09/2026 14:04
3c6ab160-d3b5-497a-978c-82a5df7757de,lovingness.lol,available,1.8,40.98,high,low,10,namecheap,,,11/08/2026 19:18
92e068d9-366b-4a96-b364-bdf530a2bef9,glances.lol,available,1.99,45.99,medium,low,7,name.com,,,18/09/2026 02:11
b0b19002-7331-41c6-9260-bc7aa3030f64,afrl.lol,available,1.99,32.49,medium,low,4,namesilo,,,17/09/2026 15:27
08f89fd7-5568-40d6-b0b9-5c0180f899cb,bandicoot.lol,available,1.99,32.49,medium,low,9,namesilo,,,22/09/2026 01:13
2a1dcf71-c0a2-4756-935a-bf32f39cbc62,severity.lol,available,1.99,32.49,medium,low,8,namesilo,,,20/09/2026 14:57
0217f5d7-da7e-4fed-8307-db1437b584b6,callable.lol,available,1.8,40.98,medium,low,8,namecheap,,,11/08/2026 14:26
d5fa99e1-c7c7-4dfb-a13e-5a12c0973d14,vivaldi.lol,available,1.99,32.49,high,low,7,namesilo,,,19/09/2026 15:40
1927a7f5-c1cc-4125-8a33-11bbc93c40df,lower.lol,available,1.99,,high,low,5,name.com,,,
604a01e6-9290-452e-8acd-aba99ceff5be,stamford.lol,available,1.8,40.98,high,low,8,namecheap,,,25/09/2026 16:33
05e82e44-3af4-4080-a125-96d440463310,burn.lol,resell,,,high,low,4,"NameCheap, Inc.",12/05/2018 21:32,12/05/2027 23:59,26/09/2026 04:41
0d0c5645-704b-494e-a19d-3cc035a718c0,drawn.lol,available,1.8,40.98,high,low,5,namecheap,,,23/09/2026 12:57
bf145dff-f6df-4732-b1b6-cb86b3f9292b,estimators.lol,available,1.99,32.49,medium,low,10,namesilo,,,20/09/2026 23:34
44d5d4a8-0185-4a83-b723-cb9198e1033f,jument.lol,available,1.8,40.98,medium,low,6,namecheap,,,22/09/2026 21:27
7c9307f9-2a2f-4fb6-be5e-df7a2dbfb58b,showed.lol,available,1.99,,high,low,6,name.com,,,
38a4e1cd-171d-4e73-b73c-23a640aa217a,lutzen.lol,available,1.99,32.49,medium,low,6,namesilo,,,22/09/2026 15:24
11a3f900-9997-481b-983d-54ba94772d6e,separable.lol,available,1.8,40.98,medium,low,9,namecheap,,,14/08/2026 12:50
d43b2244-e9f5-44f6-86ca-273c6e5a6d26,formative.lol,available,1.8,40.98,high,low,9,namecheap,,,18/08/2026 12:07
746d8dfb-ffa0-41b0-b528-634daad28984,pancake.lol,resell,,,high,low,7,Dynadot Inc,17/02/2026 14:20,17/02/2027 23:59,26/09/2026 08:00
5b1cf5d3-23ba-4cab-936f-a2351097d5a9,absolutist.lol,available,1.8,40.98,high,low,10,namecheap,,,
ee5fb31b-4d5c-40a2-9772-6f9ba5fc36b9,chatoyant.lol,available,1.8,40.98,medium,low,9,namecheap,,,12/08/2026 03:13
8a62d784-f773-4640-954d-27ad2691a209,laying.lol,available,1.99,32.49,high,low,6,namesilo,,,25/09/2026 22:34
b4951578-67e5-4109-9290-191a83c6c611,squinty.lol,available,1.8,40.98,medium,low,7,namecheap,,,07/08/2026 03:20
ff7ce66d-8871-4ad1-a0ca-ec8af3a22cf8,diffused.lol,available,1.8,40.98,medium,low,8,namecheap,,,14/08/2026 07:08
b2c6ef84-d2df-41a1-807c-189cb72e65dc,attending.lol,available,1.99,32.49,high,low,9,namesilo,,,21/09/2026 01:25
27954fb4-8f34-45b0-8320-0efa0ed2eedd,tenebrous.lol,available,1.8,40.98,medium,low,9,namecheap,,,11/09/2026 11:19
059a1cfb-a424-4d33-9c5f-3d728e9f4417,feverish.lol,available,1.8,40.98,medium,low,8,namecheap,,,18/08/2026 00:29
e95cdc52-6a68-4603-b55a-f7537af6cf52,forwards.lol,available,1.8,40.98,high,low,8,namecheap,,,18/08/2026 12:49
d96ccda2-83e8-4fd7-9030-006508ac84da,ablative.lol,available,1.8,40.98,medium,low,8,namecheap,,,
b1895077-a611-462e-91b4-336a3ae225b5,unleavened.lol,available,1.8,40.98,medium,low,10,namecheap,,,12/09/2026 14:46
026122fb-744d-4c5e-b3ee-9a1ecf0a56c2,bicyclic.lol,available,1.8,40.98,high,low,8,namecheap,,,09/08/2026 19:48
d78b9f0b-4f74-4032-8715-2e4e2d129ebc,cowardly.lol,available,1.8,40.98,medium,low,8,namecheap,,,13/08/2026 04:07
fddee900-9452-4a82-b639-219f7a4667a5,valent.lol,available,1.8,40.98,medium,low,6,namecheap,,,13/09/2026 00:54
240d4554-a126-4515-b16e-87691143e0bf,ache.lol,available,,,medium,low,4,,,,
2611040b-f54a-444f-81cd-69b52d669f5e,sterilizer.lol,available,1.99,32.49,medium,low,10,namesilo,,,21/09/2026 06:04
bd496b42-923a-4eec-adf1-85fa24af6c56,fahrenheit.lol,available,1.8,40.98,high,medium,10,namecheap,,,17/08/2026 20:40
1e2b3a9a-0c93-48cd-ab63-153bede3d384,summery.lol,available,1.8,40.98,high,low,7,namecheap,,,11/09/2026 01:38
4c9885d5-509f-46ed-99d5-23c17a07293d,programme.lol,available,1.99,32.49,high,low,9,namesilo,,,24/09/2026 16:59
81899736-88ae-484f-bed3-bd0d640d97b6,likable.lol,available,1.8,40.98,high,low,7,namecheap,,,23/08/2026 06:14
39893354-5b52-4f9f-9957-4680d7e4acc5,persuasive.lol,available,1.8,40.98,high,low,10,namecheap,,,08/09/2026 18:05
b1a1a75d-f65f-470e-a46b-fc0594be794e,apocynum.lol,available,1.8,40.98,medium,low,8,namecheap,,,19/09/2026 18:15
c76014ef-23c3-4861-afe5-2b6cdaa8af21,leathery.lol,available,1.8,40.98,medium,low,8,namecheap,,,13/08/2026 01:13
a7a00415-3a66-4d32-8b77-c25bdb130fd8,blacktail.lol,available,1.99,32.49,medium,low,9,namesilo,,,23/09/2026 23:51
eb34561c-2e81-416c-a514-966cc1b495ec,toroidal.lol,available,1.8,40.98,medium,low,8,namecheap,,,11/09/2026 17:55
25e220b9-b041-4ae4-b812-559d841e7ccf,committees.lol,available,1.99,32.49,medium,low,10,namesilo,,,20/09/2026 09:05
6e6d723b-bc13-4601-935d-0c710e36362d,visioned.lol,available,1.99,45.99,high,low,8,name.com,,,20/09/2026 16:28
46831067-189b-4a2f-90e6-78fcd6743cd0,penalties.lol,available,1.99,,high,low,9,name.com,,,
700d1154-3223-4eac-a239-206e79031fd9,oversized.lol,available,1.8,40.98,high,low,9,namecheap,,,04/09/2026 19:45
9bca2d2e-0d9a-49b5-a402-4baf781d0981,eviction.lol,available,1.99,32.49,high,low,8,namesilo,,,24/09/2026 17:35
b5f1ccdd-df12-4ee1-b27e-f13958caed1f,bridgeable.lol,available,1.8,40.98,medium,low,10,namecheap,,,11/08/2026 04:00
489e0037-273d-4bfb-a3f9-925c159e6b2b,abettal.lol,available,1.99,32.49,medium,low,7,namesilo,,,16/09/2026 15:18
984ea43a-eb26-4a8e-8e06-ba0d434621f6,disapproval.lol,available,1.99,32.49,medium,low,11,namesilo,,,
f65c1bb9-9c38-4526-a4b8-2fcf1eebf3f1,niece.lol,available,1.99,,high,low,5,name.com,,,
e6502282-2b48-4850-a90c-c1405e7c73c8,hemorrhage.lol,available,1.99,32.49,medium,low,10,namesilo,,,24/09/2026 05:28
869b2366-6485-4ac9-a783-eec72d052aff,ascites.lol,available,1.99,32.49,medium,low,7,namesilo,,,20/09/2026 13:17
68b1c7f5-3b4e-4c57-86f1-5b0771158125,djia.lol,available,1.99,32.49,medium,low,4,namesilo,,,
1febb67b-af12-4f65-937b-b8bd68d27bbf,altogether.lol,available,1.8,40.98,high,low,10,namecheap,,,
23e0443c-ad87-44c1-8ee6-475fd21d327c,opening.lol,available,1.8,40.98,high,low,7,namecheap,,,04/09/2026 16:15
36aeb871-2915-404f-b78d-951f8f6c4ae7,bewildered.lol,available,1.8,40.98,medium,low,10,namecheap,,,07/08/2026 11:52
5ec285fb-19ff-4384-a32f-6400264c29bb,socialised.lol,available,1.8,40.98,high,low,10,namecheap,,,10/09/2026 13:14
507245b5-b46d-46a7-8a49-fd9219c7b665,dyadic.lol,available,1.8,40.98,medium,low,6,namecheap,,,14/08/2026 21:52
79bb503b-b87a-4181-a0fe-ad9f8f2e052f,dogfish.lol,available,1.8,40.98,high,low,7,namecheap,,,18/09/2026 21:24
43e6b0ae-f92d-4ecc-b60a-f99564bf581a,adding.lol,available,1.99,32.49,high,low,6,namesilo,,,
7a675b14-76d7-42a5-b527-b3ff595089ce,devotedly.lol,available,1.8,40.98,medium,low,9,namecheap,,,14/09/2026 12:28
0cde447c-742a-4351-8b3c-9b7a9a3afc2b,uptight.lol,available,1.8,40.98,high,low,7,namecheap,,,15/08/2026 09:30
9a5abb6b-d4fa-462e-b10f-884b0657a761,glaswegian.lol,available,1.8,40.98,high,low,10,namecheap,,,20/08/2026 14:14
144fc2e6-d865-4479-bcb7-818004cd70d1,antidotal.lol,available,1.8,40.98,medium,low,9,namecheap,,,
e10faf76-3789-44f2-90c2-4cb94cbada58,encouraging.lol,available,1.99,32.49,high,low,11,namesilo,,,
aca84e6b-0566-4294-a750-ea1cfc548d67,hallowmas.lol,available,1.99,32.49,medium,low,9,namesilo,,,18/09/2026 09:30
93020158-31f9-4974-a3eb-ef57c8a55c50,wickedness.lol,available,1.8,40.98,medium,low,10,namecheap,,,17/08/2026 15:06
5092fb65-75aa-43d8-90de-b3378245ac3f,ionized.lol,available,1.8,40.98,high,low,7,namecheap,,,22/08/2026 09:31
9ba4af6c-181b-4347-aa6f-2784d6b6773e,predatory.lol,available,1.8,40.98,medium,low,9,namecheap,,,24/08/2026 15:43
211e3623-8ccd-4d0d-bd22-6dd55a1e837d,abaya.lol,available,1.99,32.49,medium,low,5,namesilo,,,16/09/2026 14:18
e698aa0f-c440-4173-8709-b99a563fa23b,pulmonic.lol,available,1.8,40.98,high,medium,8,namecheap,,,09/09/2026 05:55
d490aefe-ddf2-4dc7-a579-4e3bc26e2d71,fuddled.lol,available,1.8,40.98,low,low,7,namecheap,,,09/08/2026 15:36
2339ba13-08f1-48f1-948c-8b4d4219b7ec,legless.lol,available,1.8,40.98,medium,low,7,namecheap,,,22/08/2026 23:13
8d2467d7-c9e7-4322-9620-92b6c2645daf,formally.lol,available,1.8,40.98,high,low,8,namecheap,,,14/09/2026 19:42
985897d5-36b1-4318-9871-ac7c3c188615,decayed.lol,available,1.8,40.98,medium,low,7,namecheap,,,13/08/2026 20:59
cdc44634-e4de-4e1c-acf2-a99310a17905,replied.lol,available,1.99,32.49,medium,low,7,namesilo,,,18/09/2026 01:09
fcf61d63-105a-42f4-94bc-6db30956c8ae,wilsonian.lol,available,1.8,40.98,medium,low,9,namecheap,,,13/09/2026 12:02
ba19bd53-ad0e-43c1-8b3b-5e31854bba8d,quotidian.lol,available,1.8,40.98,medium,low,9,namecheap,,,17/08/2026 14:57
85ad7eda-6030-430b-aef8-1363f2b460af,dominical.lol,available,1.8,40.98,medium,low,9,namecheap,,,14/08/2026 15:42
acca8f3d-0ab2-491d-b84c-cb21891838ef,disharmony.lol,available,1.99,32.49,medium,low,10,namesilo,,,24/09/2026 22:38
1e1855e8-e44c-4075-9c78-3dd707c3ea1f,fought.lol,available,1.99,32.49,medium,low,6,namesilo,,,
221e830a-1194-4cd0-a0c9-3e7b96570d15,phocine.lol,available,1.8,40.98,medium,low,7,namecheap,,,08/09/2026 18:58
5c509858-7ce8-475a-8b39-04ee60171e29,throated.lol,available,1.8,40.98,medium,low,8,namecheap,,,11/09/2026 14:39
fc90a63a-f6eb-43ae-95c0-f1937e6fe827,barkeep.lol,available,1.99,32.49,high,low,7,namesilo,,,22/09/2026 06:22
7069179d-59e9-444e-b1c1-d22fd39be509,rectified.lol,available,1.8,40.98,high,low,9,namecheap,,,09/09/2026 11:55
0ba20161-9336-4588-b176-2b2f36daa216,disinfection.lol,available,1.8,40.98,high,low,12,namecheap,,,17/09/2026 16:37
651ad39a-0b76-4b5b-a78b-9c2b36593bda,blamed.lol,available,1.8,40.98,medium,low,6,namecheap,,,10/08/2026 12:39
a334948e-ebeb-4dbb-8604-958fe320b315,beefcake.lol,available,1.8,40.98,high,low,8,namecheap,,,23/09/2026 01:06
e5bad9f8-c2a4-4a81-9359-e4332dbbdd54,wiry.lol,available,1.8,40.98,medium,low,4,namecheap,,,10/09/2026 22:42
4832bd2e-a87c-495b-80dc-040ffd32ece7,throughout.lol,available,1.8,40.98,medium,low,10,namecheap,,,17/08/2026 00:49
05596386-5f86-4cd1-8b30-744fcbf8181c,ageism.lol,available,1.8,40.98,medium,low,6,namecheap,,,17/09/2026 16:54
c8bfe38b-6deb-4a7c-84d9-5e7e3872ae51,altaic.lol,available,1.8,40.98,medium,low,6,namecheap,,,
bfb438fb-d1e6-4389-862b-27e44946de1f,english.lol,premium,845,845,high,low,7,namecheap,,,24/09/2026 14:01
7b023def-1b57-40b1-aeac-1c8209444347,balsa.lol,available,1.99,32.49,high,low,5,namesilo,,,21/09/2026 23:56
c876963c-ee1d-4ebd-993d-1bfc88aad1f8,ordain.lol,available,1.8,40.98,high,low,6,namecheap,,,12/08/2026 22:27
313aac81-8f43-41b1-bd2d-600d1872109b,plattensee.lol,available,1.8,40.98,medium,low,10,namecheap,,,21/09/2026 21:22
df009e14-8f6f-43ab-aa4e-cbf6b3e77676,affirm.lol,premium,2396,,high,high,6,name.com,,,
f0cf4507-832d-4b11-b055-d86448c6df8e,seeing.lol,available,1.99,,high,low,6,name.com,,,
53c62ec2-e16f-45ea-8ce9-dcf63537005f,pleading.lol,available,1.8,40.98,medium,low,8,namecheap,,,09/08/2026 15:21
3994d4a0-142f-4e84-945c-ed7239c9c75e,smoothen.lol,available,1.8,40.98,medium,low,8,namecheap,,,08/09/2026 23:04
738f8e6e-3e93-4907-a57f-da47269091f9,gym.lol,premium,778.7,,high,low,3,name.com,,,
06bd877c-97dc-4b84-845a-c0b16165c4c5,primadonna.lol,available,1.99,,medium,low,11,name.com,,,
279c5ee9-6164-46c4-973b-10ecbd5d74ae,tenured.lol,available,1.8,40.98,medium,low,7,namecheap,,,11/09/2026 11:43
a42b21f5-2730-4a05-bff5-1e6733dc5fa6,sheridan.lol,premium,2660,2660,high,low,8,namesilo,,,25/09/2026 10:21
82cc9b40-450e-436b-a809-117dbb3d7171,glinting.lol,available,1.8,40.98,medium,low,8,namecheap,,,
4f91bc8c-1420-495f-8a11-be93a4bd5590,idiomatic.lol,available,1.8,40.98,high,low,9,namecheap,,,21/08/2026 18:07
4cc315ed-ba67-42b9-be24-9f7c7df55ffc,diclinous.lol,available,1.8,40.98,low,low,9,namecheap,,,14/08/2026 06:34
02d35af7-3449-4d6b-bfc9-b671531c935b,biased.lol,available,1.8,40.98,medium,low,6,namecheap,,,09/08/2026 18:36
5dd84e7c-9415-411d-a1f2-cb2a1c4f1ab3,wooden.lol,available,1.99,,high,low,6,name.com,,,
89a616e7-9e13-429b-bd12-3e5d431b8b5b,changeless.lol,available,1.8,40.98,medium,low,10,namecheap,,,12/08/2026 01:58
5c629aba-54b6-45ba-9f59-5957168e3688,aloud.lol,available,1.99,32.49,high,low,5,namesilo,,,25/09/2026 14:25
9c05876e-3354-4cd1-b9d5-63c5d038ba51,explicitly.lol,available,1.8,40.98,medium,low,10,namecheap,,,14/09/2026 17:07
54001359-3261-48a8-9280-16fbfb0da767,bedfellow.lol,available,1.99,32.49,medium,low,9,namesilo,,,22/09/2026 23:14
61bc78ec-cde5-4303-97b2-4ad035e19c2c,matured.lol,available,1.8,40.98,high,low,7,namecheap,,,18/08/2026 17:58
f186cd54-5122-44a5-a09a-118bc8dfacab,unhinge.lol,available,1.99,32.49,medium,low,7,namesilo,,,24/09/2026 22:50
53c49e0f-a649-4f6d-9399-9b99fb45467b,anger.lol,available,1.99,,high,low,5,name.com,,,
2af5e9b4-d3e4-4258-aafc-f49f4f7c626d,adultery.lol,available,1.99,32.49,medium,low,8,namesilo,,,17/09/2026 10:25
fa4f756c-39bd-49a5-a431-a8469729b02c,acoustical.lol,available,1.8,40.98,medium,low,10,namecheap,,,
9717753c-bef8-4d70-8626-46aa1a62d670,comforts.lol,available,1.8,40.98,high,low,8,namecheap,,,18/09/2026 18:50
26d97517-3a33-4845-a192-e7a3be078bb2,germfree.lol,available,1.8,40.98,medium,low,8,namecheap,,,18/08/2026 22:48
a0acaaad-cc3b-4d67-b27d-c471b51e3d3c,hanker.lol,available,1.8,40.98,medium,low,6,namecheap,,,24/08/2026 08:57
0dc8e307-9488-41e5-8937-6674cfba3171,favorable.lol,available,1.8,40.98,high,low,9,namecheap,,,24/09/2026 17:21
7d7c53e2-92b2-4b44-94e0-d00ec8147f99,mount.lol,available,1.99,,high,low,5,name.com,,,
3f674d56-bc35-48f8-b2ab-0de5973c4394,inmost.lol,available,1.8,40.98,medium,low,6,namecheap,,,22/08/2026 05:51
d3d18eb5-b6ea-44f6-9a01-5d0ab2b12e57,ternate.lol,available,1.8,40.98,medium,low,7,namecheap,,,11/09/2026 11:53
df64137d-6e1a-4f61-82a6-77da01eb35fc,achene.lol,available,1.99,32.49,medium,low,6,namesilo,,,17/09/2026 00:28
fd4ae5c5-f41c-42e5-909a-112091fc370a,pans.lol,available,1.99,32.49,medium,low,4,namesilo,,,18/09/2026 08:22
28d21e3a-90b7-4965-bc38-62e52b3fdd49,marion.lol,available,1.99,32.49,high,low,6,namesilo,,,25/09/2026 14:37
591a387f-075b-43a3-930d-18e1f48afa94,riled.lol,available,,,medium,low,5,,,,
d24e4edf-d15e-46bd-8ab1-927e894da276,trine.lol,available,1.8,40.98,medium,low,5,namecheap,,,
55b56a75-a387-4218-8bb6-ae4a9a9e2bd7,closeness.lol,available,1.99,32.49,high,low,9,namesilo,,,24/09/2026 15:57
db601bd5-d763-4c58-b4c4-64387168b6fd,nine.lol,premium,832,832,high,low,4,namesilo,,,21/09/2026 13:23
17e1b4eb-fbb8-468e-b8b9-a7ff034a8f78,thirdly.lol,available,1.8,40.98,medium,low,7,namecheap,,,11/09/2026 13:39
d918b009-d482-41ee-9b97-50081955241d,bowery.lol,available,1.8,40.98,high,medium,6,namecheap,,,10/08/2026 23:13
ad2c1af0-cb65-4096-bf15-e3a8819fb914,burdensome.lol,available,1.8,40.98,medium,low,10,namecheap,,,11/08/2026 10:29
dfeb892b-83bc-4cf2-b79f-bfa45dc2f86c,optionally.lol,available,1.99,,high,low,10,name.com,,,
9d1e6aa9-319a-417b-a030-6fab7988eefd,staunch.lol,available,1.8,40.98,high,low,7,namecheap,,,10/09/2026 19:22
a99d9389-f580-41e4-b5bf-432de5eeb71d,nappy.lol,available,1.8,40.98,high,low,5,namecheap,,,18/08/2026 16:10
74d23115-a605-4d99-b421-943ca515be6c,aberrant.lol,available,1.8,40.98,high,low,8,namecheap,,,
5d1e5075-d8c1-486d-815c-9560a300e7d7,heterodyne.lol,available,1.8,40.98,medium,low,10,namecheap,,,21/08/2026 07:29
962bde75-a59d-4ac7-9104-05c321603710,exorbitant.lol,available,1.8,40.98,medium,low,10,namecheap,,,17/08/2026 17:36
593e05ca-d82a-4090-a9a7-a5dc5b27c79e,curly.lol,premium,778.7,778.7,high,low,5,name.com,,,13/08/2026 11:23
d7030e75-ee8f-4062-b84e-a3822004c4ce,backpacker.lol,available,1.99,32.49,high,low,10,namesilo,,,21/09/2026 15:44
c3ee1967-b4de-4c9d-8518-8518620d4c6c,aliform.lol,available,1.8,40.98,medium,low,7,namecheap,,,
b9fbe87b-166c-40f2-9f7d-577caf835201,scarface.lol,available,1.99,,high,low,8,name.com,,,
b52f28f9-6e57-4f65-b20c-ae5aaec47f30,quadruple.lol,available,1.8,40.98,high,low,9,namecheap,,,18/08/2026 13:24
17061726-740c-4b92-aad0-ea92d4c952be,surgical.lol,available,1.8,40.98,high,low,8,namecheap,,,11/09/2026 04:01
39f4b3dd-92ca-47ba-9bf4-c0952b93729d,strikingly.lol,available,1.99,32.49,high,low,10,namesilo,,,16/09/2026 07:22
9db2585d-7031-4ecc-a69d-ec446e783a66,commode.lol,available,1.8,40.98,high,medium,7,namecheap,,,09/09/2026 00:51
bdc89a45-027f-4ce0-b14a-9c7a2c2893de,family.lol,premium,845,845,high,medium,6,namecheap,,,25/09/2026 12:40
d8e6cff3-e1dd-412c-9b41-577b2a86ddb6,inpatient.lol,available,1.99,32.49,medium,low,10,namesilo,,,20/09/2026 21:46
82f1f653-c379-4680-ab5e-74a58bc521cb,phrasal.lol,available,1.8,40.98,high,medium,7,namecheap,,,08/09/2026 19:19
3cfb5586-d8a1-4edb-8e13-24f1632d9cca,projectile.lol,available,1.8,40.98,high,low,10,namecheap,,,09/09/2026 02:59
0bdbbc41-a4aa-498e-8af5-a08a8aeaa19c,tribute.lol,available,,,high,low,7,,,,
c0ec8251-00ea-4a5b-92ef-bd16cf0e1822,torturing.lol,available,1.8,40.98,medium,low,9,namecheap,,,
604f7c78-ca63-4653-bceb-94a20b5fe4bf,legitimacy.lol,available,1.99,32.49,high,low,10,namesilo,,,21/09/2026 05:07
4153279a-006b-47cd-98b3-c5c1757d8779,acceptable.lol,available,1.99,32.49,high,low,10,namesilo,,,21/09/2026 15:23
7accebaf-c1c0-428f-9ee0-10457d05d19a,patients.lol,available,1.8,40.98,high,low,8,namecheap,,,25/09/2026 21:13
33635b4e-67fd-4a75-ba81-8ef5cb61f31c,enlivened.lol,available,1.8,40.98,high,low,9,namecheap,,,17/08/2026 09:37
e7ec0c7c-ed23-4c9f-b566-7d132e88f53a,ventilators.lol,available,1.99,32.49,medium,low,11,namesilo,,,18/09/2026 23:26
d5de5f4f-adec-4bdc-8a6c-8962749fd739,renunciant.lol,available,1.8,40.98,medium,low,10,namecheap,,,09/09/2026 14:23
77081c17-aaf7-4a31-9250-c4f82c317d1f,nature.lol,premium,2600,2600,high,low,6,namecheap,,,08/09/2026 02:43
35122bd8-6029-4c74-80dc-2db91b9a85d7,rabbinic.lol,available,1.8,40.98,medium,low,8,namecheap,,,09/09/2026 09:14
7ce306fc-7334-470f-9fa1-b970396b4367,marduk.lol,available,1.99,32.49,high,low,6,namesilo,,,21/09/2026 12:06
368c5003-7ab0-47b2-9306-e661b4793038,dime.lol,available,1.99,32.49,high,low,4,namesilo,,,
8ad6f81f-8062-4a68-bdfa-a6d605cf7249,loafer.lol,available,1.8,40.98,medium,low,6,namecheap,,,14/08/2026 14:12
84f4ceb9-fdef-4a27-935f-5c4e4baefdf2,brushing.lol,available,1.99,32.49,high,low,8,namesilo,,,
2270f0eb-5606-480d-a5bd-0c10bbd1ac7c,grungy.lol,available,1.8,40.98,low,low,6,namecheap,,,09/08/2026 09:36
df69f363-eca2-443d-872b-62c50dbcb86d,deletion.lol,available,1.8,40.98,high,low,8,namecheap,,,24/09/2026 21:34
4aa7fb6f-ba0f-4e2a-a2ff-311ae2f0a28c,amenia.lol,available,1.8,40.98,medium,low,6,namecheap,,,18/09/2026 18:47
4237666d-c7dd-4b0e-b236-323cf489ddc9,grimly.lol,available,1.8,40.98,medium,low,6,namecheap,,,14/09/2026 22:25
5eac6e90-0008-4142-85d2-bd56c9acd0e1,backrest.lol,available,1.99,32.49,medium,low,8,namesilo,,,21/09/2026 15:47
e3622b56-82d2-463b-9c15-9e3b8cce558f,unsolved.lol,available,1.8,40.98,medium,low,8,namecheap,,,12/09/2026 18:23
5204a7f8-35f4-4c24-9ca3-8f58ea02e20d,augeas.lol,available,1.99,32.49,medium,low,6,namesilo,,,21/09/2026 03:15
098d27e3-ceb4-4c48-8c56-3f0bb79f3864,ended.lol,available,1.8,40.98,high,low,5,namecheap,,,
b999c888-2730-45e6-9fbe-364b9064aa4e,mil.lol,premium,778.7,778.7,high,low,3,name.com,,,11/08/2026 22:57
42d68a9b-a797-4e46-952b-444c7105280a,photic.lol,available,1.8,40.98,high,low,6,namecheap,,,08/09/2026 19:17
d31e62cb-efbb-4d45-84e3-f2bd6688ac6e,vascular.lol,available,1.8,40.98,medium,low,8,namecheap,,,13/09/2026 01:33
db771354-3640-4160-ae0e-954365f86817,sagacious.lol,available,1.8,40.98,high,low,9,namecheap,,,08/09/2026 18:02
a86418c3-0275-461d-b540-f55e61b9ee33,amicable.lol,available,1.99,32.49,high,low,8,namesilo,,,22/09/2026 04:19
5a1d4e60-91c1-4715-afb0-b7fb2d603688,pestilent.lol,available,1.8,40.98,low,low,9,namecheap,,,08/08/2026 12:06
16ec42a2-4d83-485f-bce9-3cd0ea09137e,potent.lol,available,1.8,40.98,high,low,6,namecheap,,,09/09/2026 00:48
60e70fbe-6e7e-4564-881b-139e75957bba,fluorine.lol,available,1.99,32.49,medium,low,8,namesilo,,,21/09/2026 00:03
39112474-dfd6-4de1-86f6-ee6e64de6bd4,imaginable.lol,available,1.8,40.98,high,low,10,namecheap,,,23/09/2026 18:44
2668dd33-b979-402d-940a-1dbe38cb477b,baldric.lol,available,1.99,32.49,medium,low,7,namesilo,,,21/09/2026 21:45
0a9edf56-23ff-419b-86f1-2d6ffe155e46,greens.lol,resell,,,high,low,6,"Key-Systems, LLC",15/05/2026 16:59,15/05/2027 23:59,26/09/2026 06:30
e4095099-5bf4-4ac9-8190-2122074479a6,thieves.lol,available,1.8,40.98,medium,low,7,namecheap,,,16/09/2026 11:41
52efa55f-d7a7-4311-8aea-592e94d97653,algin.lol,available,1.99,32.49,medium,low,5,namesilo,,,18/09/2026 07:04
21dd1995-20d0-46f3-9907-707f79950fd9,shelling.lol,available,1.99,32.49,medium,low,8,namesilo,,,22/09/2026 08:00
d6a8c0f5-8145-4c32-b765-13ada75e1105,noseless.lol,available,1.8,40.98,low,low,8,namecheap,,,03/09/2026 21:47
27e4e395-969f-4205-be37-535425749e1b,pathogenic.lol,available,1.8,40.98,medium,low,10,namecheap,,,22/08/2026 04:17
63f07058-f253-4d19-8e0c-cd1965d3d9d0,occident.lol,available,1.8,40.98,medium,low,8,namecheap,,,13/09/2026 10:49
49b0ccea-c827-4f21-953e-fec4afe24aca,puglia.lol,available,1.99,32.49,high,low,6,namesilo,,,19/09/2026 22:41
285217f5-d709-473f-be63-7d1a7592a664,staring.lol,available,1.99,32.49,high,low,7,namesilo,,,21/09/2026 22:19
e38f4933-e44e-40bc-966f-11d349c1ba4e,ghastly.lol,available,1.8,40.98,medium,low,7,namecheap,,,12/08/2026 02:39
a8d5250d-4f2d-41d4-b983-f2c8791a2090,archibald.lol,available,1.8,40.98,medium,low,9,namecheap,,,25/09/2026 18:45
d112e598-5c08-48d5-af11-db314fb992c3,soulfully.lol,available,1.99,32.49,medium,low,9,namesilo,,,16/09/2026 05:30
3841b227-7487-49b9-9394-587f390fa597,transonic.lol,available,1.8,40.98,medium,low,9,namecheap,,,10/09/2026 14:11
1c6d0a74-9e9c-4d6c-80af-ad9483cb77e7,dijon.lol,available,1.99,32.49,high,low,5,namesilo,,,24/09/2026 22:19
4fd8036f-9fa5-4548-bf47-fb57e0a26e6b,melodic.lol,available,1.8,40.98,high,low,7,namecheap,,,24/08/2026 19:41
147c4412-9e63-4a01-b3c6-0894ef0d51a5,patrician.lol,available,1.8,40.98,medium,low,9,namecheap,,,06/08/2026 19:34
04f80856-2064-43f0-8410-4ef8ed8331fd,beefsteak.lol,available,1.99,32.49,high,low,9,namesilo,,,23/09/2026 01:15
199f424c-ca0d-4646-8500-dc0d6001abf2,abalone.lol,available,1.99,32.49,high,low,7,namesilo,,,16/09/2026 13:49
c000375b-f4e7-4777-bd21-925d11a4f809,specifically.lol,available,1.99,32.49,high,low,12,namesilo,,,26/09/2026 00:54
277df1eb-7b29-41b1-a30e-721bcd78ae95,soled.lol,available,1.8,40.98,medium,low,5,namecheap,,,10/09/2026 13:35
5f931b82-ce87-41ab-bdb8-0d0b2d31f0ea,harlot.lol,available,1.99,45.99,medium,low,6,name.com,,,13/08/2026 14:19
c9109130-a220-4dfa-8a1c-4edc3ee339a9,morally.lol,available,1.8,40.98,high,low,7,namecheap,,,15/09/2026 15:25
81da91a0-7a92-43fa-a6f3-acf5469cafad,belvedere.lol,available,1.99,32.49,high,medium,9,namesilo,,,22/09/2026 12:20
f95599a2-cd15-45f3-955e-b60dd34d1b3c,candied.lol,available,1.8,40.98,medium,low,7,namecheap,,,11/08/2026 16:48
53892f8e-67fe-463a-b99e-6a883f6b5e36,rale.lol,available,1.8,40.98,high,medium,4,namecheap,,,09/09/2026 10:37
67e10ed8-08f4-44a8-bda6-0d81d2f218b4,debauched.lol,available,1.99,45.99,medium,low,9,name.com,,,13/08/2026 20:14
98483afa-ba82-4b21-85ce-f275236b419f,consuming.lol,available,1.8,40.98,high,low,9,namecheap,,,23/09/2026 21:22
a09bef0e-5058-461d-8225-5ef80513e8a0,facilities.lol,available,1.99,45.99,high,low,10,name.com,,,26/09/2026 03:08
4d9cae2d-aa76-4056-abbb-c369978cc348,regulated.lol,available,1.8,40.98,high,low,9,namecheap,,,09/09/2026 13:06
c3813ad7-781d-4ced-a778-e1dfd37fc85b,baritone.lol,available,1.8,40.98,medium,low,8,namecheap,,,08/08/2026 19:36
f611d66b-ae4e-4eff-8aed-e97176ab6054,dafla.lol,available,1.99,32.49,medium,low,5,namesilo,,,16/09/2026 16:37
4a99b868-cb78-4e6c-8c4d-0bceecb02f29,dickensian.lol,available,1.8,40.98,medium,low,10,namecheap,,,14/08/2026 06:25
b41a5e33-b66d-4162-8d76-6074c35cb749,bindery.lol,available,1.99,32.49,medium,low,7,namesilo,,,23/09/2026 17:11
e34536e0-f3d4-4996-b98e-5cdd0b4e180d,tentative.lol,available,1.99,,high,low,9,name.com,,,
a8653b8d-f641-46ac-8eb4-ec00aeb61de2,diagnostic.lol,available,1.8,40.98,high,low,10,namecheap,,,14/08/2026 05:47
e927cb97-54b4-4bbd-96ba-9b174316f243,spurious.lol,available,1.8,40.98,medium,low,8,namecheap,,,09/08/2026 00:03
60f20335-ed85-433b-a96d-e44fc47159f0,ductile.lol,available,1.8,40.98,medium,low,7,namecheap,,,14/08/2026 20:50
a790ab5d-ad52-4858-a1bc-ecbff2fb5342,rimmed.lol,available,1.8,40.98,medium,low,6,namecheap,,,09/09/2026 17:45
854423d6-e78d-4681-8948-df03709ea9a0,grandfathers.lol,available,1.99,32.49,medium,low,12,namesilo,,,20/09/2026 22:52
7b52cf38-5eb5-41dc-9a17-4a0d7442859c,turgid.lol,available,1.8,40.98,medium,low,6,namecheap,,,10/08/2026 18:07
dda4db77-2bb7-4661-b272-12d9dc480862,weakness.lol,available,1.8,40.98,medium,low,8,namecheap,,,17/08/2026 20:45
c2ac1333-4a4c-45b2-b524-f95bc0ceb81c,discomfort.lol,available,1.99,32.49,high,low,10,namesilo,,,
9aed3ee1-135f-4b81-ac71-010863123f0d,cochlear.lol,premium,2396,2396,medium,low,8,name.com,,,12/08/2026 14:45
1bad7c57-2adc-4ce9-a833-b4090cea4f03,respite.lol,available,1.99,32.49,high,low,7,namesilo,,,16/09/2026 14:06
710d3ca9-c40e-4fac-b3b6-b3764cbbf0e5,spurting.lol,available,1.8,40.98,medium,low,8,namecheap,,,22/08/2026 13:13
867e64f7-a476-4cfa-8b04-22111789b0c7,arere.lol,available,1.8,40.98,medium,low,5,namecheap,,,20/09/2026 03:56
6c0d4e80-7951-4a53-8b89-22bbbf05a6b0,citrin.lol,available,1.8,40.98,high,low,6,namecheap,,,23/09/2026 18:00
fa1362f6-e001-4ec7-a310-aa4e8961d4d4,stove.lol,available,1.8,40.98,high,low,5,namecheap,,,19/09/2026 18:48
05cb5c39-e618-4e45-aa7c-ae267cb1e850,tetchy.lol,available,1.8,40.98,medium,low,6,namecheap,,,22/08/2026 10:31
e3834420-9d1a-414a-8705-6b9d33dca72b,prices.lol,resell,,,medium,low,6,Dynadot Inc,09/04/2021 04:54,09/04/2027 23:59,26/09/2026 08:19
590b71b0-de4d-4cac-b437-beb7b257030c,implanted.lol,available,1.8,40.98,medium,low,9,namecheap,,,13/08/2026 22:47
3a5c2a75-b853-417f-a885-b18199df5987,anpu.lol,available,1.99,32.49,medium,low,4,namesilo,,,19/09/2026 11:59
3c49b44c-10af-402b-8eca-f61632f33a25,changeable.lol,available,1.8,40.98,medium,low,10,namecheap,,,12/08/2026 01:51
f1450fed-3ed1-4b99-8e73-98afc6a21307,brachial.lol,available,1.8,40.98,medium,low,8,namecheap,,,11/08/2026 00:19
2fba1c3d-d25a-4689-b704-64cc3671dc22,loverly.lol,available,1.8,40.98,medium,low,7,namecheap,,,24/08/2026 10:16
458e6e10-90a7-45aa-ba0e-ac604f7d0aaa,jamaican.lol,available,1.8,40.98,high,low,8,namecheap,,,22/08/2026 12:11
5a16481b-a0e2-4b28-b2e6-a909c4028547,deformity.lol,available,1.8,40.98,medium,low,9,namecheap,,,24/09/2026 21:21
21be1048-2a2e-4aca-8df6-0978d5009576,tunguska.lol,available,1.99,32.49,medium,low,8,namesilo,,,19/09/2026 05:45
3ac1fe04-4e32-4d07-9dbd-87f80acedaf4,barometer.lol,available,1.99,32.49,high,low,9,namesilo,,,22/09/2026 07:00
10f18584-9b06-4b99-8090-70d9f7563567,infective.lol,available,1.8,40.98,medium,low,9,namecheap,,,22/08/2026 04:14
dc2d64be-6fd3-4cb2-81eb-bf243df4f003,unaided.lol,available,1.8,40.98,medium,low,7,namecheap,,,12/09/2026 00:13
2697a5f7-d9ac-442e-844e-bb092442de0e,unsuitable.lol,available,1.8,40.98,medium,low,10,namecheap,,,22/08/2026 00:19
a8bfcaef-83dc-4b61-8a03-327f7083d45f,reminder.lol,available,,,high,low,8,,,,
0e668405-8bae-456c-a656-5b3fb806a6ba,localised.lol,available,1.8,40.98,medium,low,9,namecheap,,,24/08/2026 08:47
d0a1ed92-defc-402b-9226-642346ca4090,barytes.lol,available,1.99,32.49,medium,low,7,namesilo,,,22/09/2026 06:13
9c7264ba-eb90-4658-a4e5-9235c23a631d,indefinite.lol,available,1.99,32.49,high,low,10,namesilo,,,25/09/2026 09:08
0307213e-8927-4fdd-9d89-71d0366dbbc2,unrelated.lol,available,1.8,40.98,medium,low,9,namecheap,,,12/09/2026 18:04
b3e1d37b-e4e9-4cdd-8523-1f1aad2918c5,adumbrate.lol,available,1.8,40.98,medium,low,9,namecheap,,,22/08/2026 08:33
b77e1632-07cf-48b4-bc68-7b3a2b2dc4b4,sacculated.lol,available,1.8,40.98,high,medium,10,namecheap,,,09/09/2026 20:36
e48aab49-5f4b-43af-93ea-15227cc857f3,airburst.lol,available,1.99,32.49,medium,low,8,namesilo,,,17/09/2026 23:00
451a1e5e-f4dd-4278-9cfb-3560f6dffbb1,batfish.lol,available,1.99,32.49,medium,low,7,namesilo,,,22/09/2026 13:14
26603282-4c8b-48e7-91e5-0343d47f9c0a,vestigial.lol,available,1.8,40.98,medium,low,9,namecheap,,,13/09/2026 04:54
517ba18b-12d5-4ebd-a0c6-25d5eec86f77,quartet.lol,available,1.8,40.98,high,low,7,namecheap,,,
cd588a16-b2e1-4323-b3f3-9552a14d66b4,reverting.lol,available,1.8,40.98,high,low,9,namecheap,,,09/09/2026 15:58
cb534ef7-13e7-4b52-92e1-fbe48f4b8ba5,acrosome.lol,available,1.99,32.49,medium,low,8,namesilo,,,17/09/2026 03:58
23ca3a7d-fd52-4104-8667-e78175e42d64,sumerian.lol,available,1.8,40.98,high,low,8,namecheap,,,11/09/2026 01:33
cf48fe33-1ddf-44c9-815f-7f49277cf1e5,sunbelt.lol,available,1.99,,high,low,7,name.com,,,
e846ffba-ffa6-4c3b-8a35-ac92d760e0a2,blackthorn.lol,available,1.99,32.49,medium,low,10,namesilo,,,24/09/2026 03:10
1a304366-82fe-4fc7-aead-c0290356ce2d,shrunken.lol,available,1.8,40.98,high,medium,8,namecheap,,,10/09/2026 06:58
b5ffcc73-0858-464d-9b1b-72e061c93fd4,seekers.lol,available,1.99,32.49,medium,low,7,namesilo,,,21/09/2026 07:32
884f181f-5b30-449e-8420-fcc1df46ed72,clapper.lol,available,1.8,40.98,medium,low,7,namecheap,,,19/09/2026 20:51
6baa9517-c351-41cf-afe3-8f12f1ef7c5a,airdock.lol,available,1.99,32.49,medium,low,7,namesilo,,,17/09/2026 23:04
3c2a4588-1f2e-4840-a61d-1b251f0c1491,agaricus.lol,available,1.99,32.49,medium,low,8,namesilo,,,17/09/2026 16:23
d2452571-be40-4979-9194-4990c57a0c99,phyletic.lol,available,1.8,40.98,high,medium,8,namecheap,,,08/09/2026 19:22
c9b0c744-ff2b-4172-aab1-842117da0bd9,awl.lol,available,1.8,40.98,high,low,3,namecheap,,,21/09/2026 10:07
f6ee4691-f3c5-400d-b744-b3c5ca2cfff2,gaudy.lol,available,1.8,40.98,medium,low,5,namecheap,,,18/08/2026 06:37
bc2a4cba-0db1-4136-bd76-f39e5a23106f,stimulus.lol,available,1.8,40.98,high,low,8,namecheap,,,10/09/2026 20:39
a3292f4c-c6a2-417d-b1db-36c9b3861d7c,autoloader.lol,available,1.99,32.49,medium,low,10,namesilo,,,21/09/2026 06:48
a6e755cd-0ec2-47e9-b03e-465a85816b9f,sallow.lol,available,1.8,40.98,high,medium,6,namecheap,,,09/09/2026 20:56
bfde0af1-c32a-43e3-888e-8055b54059f5,apar.lol,available,1.99,32.49,medium,low,4,namesilo,,,19/09/2026 16:14
cde346a8-19f8-4172-96bc-856ca8ff3be1,rustic.lol,available,,,high,low,6,,,,
6c5ef0c7-3bff-4b59-9a2d-f01afaad99b6,washes.lol,available,1.99,32.49,medium,low,6,namesilo,,,20/09/2026 04:54
d174d7ed-4844-4c08-aa69-db1822367f78,astrantia.lol,available,1.99,32.49,medium,low,9,namesilo,,,20/09/2026 17:32
6084f2c0-0363-4a61-b6f4-ac79cdfdcc1f,muzzy.lol,available,1.8,40.98,medium,low,5,namecheap,,,10/08/2026 16:24
b2cb6e7c-2d0a-42ba-a2c9-4f5c63aa0c20,armiger.lol,available,1.99,32.49,medium,low,7,namesilo,,,20/09/2026 06:59
cd80be92-7675-4c53-b3ee-4faa1f41d26d,unsugared.lol,available,1.8,40.98,low,low,9,namecheap,,,12/09/2026 20:48
f66359ef-386a-41db-a8aa-f243aef4ab59,lingually.lol,available,1.8,40.98,medium,low,9,namecheap,,,15/09/2026 12:28
52494819-94b3-43b2-9ad7-0b27a4565ece,underdone.lol,available,1.8,40.98,medium,low,9,namecheap,,,12/09/2026 07:24
3b86bca4-f47b-4d0d-9fbc-54e025228e39,dressy.lol,available,1.8,40.98,high,low,6,namecheap,,,14/08/2026 18:57
0c8591f0-cfaf-4b14-8e98-bbb0e9a95bf7,airing.lol,available,1.99,32.49,high,low,6,namesilo,,,17/09/2026 23:12
a540c3b9-3ec3-4b45-902f-858f261a2cf4,genital.lol,available,1.8,40.98,medium,low,7,namecheap,,,18/08/2026 21:40
0b60d55f-5850-4d82-921f-f84fe3787f2e,sphalerite.lol,available,1.99,32.49,medium,low,10,namesilo,,,24/09/2026 05:44
553ccdd0-1581-4381-9a64-e1024ab21535,calculable.lol,available,1.8,40.98,medium,low,10,namecheap,,,11/08/2026 13:54
162bb370-96c5-4d58-a37e-ec97fc8af2ec,retrieved.lol,available,1.99,,medium,low,9,name.com,,,
320b1e88-ff8c-447d-b454-a2fcac007b9d,redberry.lol,available,1.99,32.49,medium,low,8,namesilo,,,17/09/2026 04:20
17af6146-338a-4bd0-b3af-4a467c80b93d,delusory.lol,available,1.8,40.98,medium,low,8,namecheap,,,13/08/2026 21:18
2250ccf3-f4eb-4538-921d-f8c0874fb3d9,trex.lol,premium,2660,2660,high,low,6,namesilo,,,21/09/2026 07:18
2080d7d1-3db4-45d8-825b-98168153bde6,proportion.lol,available,1.99,,high,low,10,name.com,,,
85c7f763-0217-4343-931a-f0640d189dfe,planktonic.lol,available,1.8,40.98,medium,low,10,namecheap,,,08/09/2026 20:46
b214ab2f-9274-4e1b-a485-b69a852b08f6,grandmothers.lol,available,1.8,40.98,medium,low,12,namecheap,,,20/09/2026 18:06
3a16abe3-f797-42eb-b2a7-45a9b9423d04,bamboo.lol,resell,,,high,medium,6,Dynadot Inc,08/08/2026 00:14,08/08/2027 23:59,26/09/2026 04:14
75f8fd1c-5cd8-4d63-9d0a-d1a27d95eaad,sensibly.lol,available,1.8,40.98,medium,low,8,namecheap,,,16/09/2026 00:35
060ed4bc-e93a-4a80-9ca6-2cfd12c1c723,foppish.lol,available,1.99,45.99,medium,low,7,name.com,,,13/08/2026 17:05
0e501f7a-3b6d-4676-bd84-302f22d9b371,bantu.lol,available,1.8,40.98,medium,low,5,namecheap,,,08/08/2026 14:50
8c03712a-310b-4a63-959b-b5f368193df2,sacrosanct.lol,available,1.8,40.98,high,medium,10,namecheap,,,09/09/2026 20:39
a35694f9-6687-436f-8f5e-fbcd2dbb6bb5,cheekbone.lol,available,1.8,40.98,high,low,9,namecheap,,,13/09/2026 15:41
e81e4ac8-9e71-43c4-b9a0-5d03c42c7403,dialectic.lol,available,1.8,40.98,high,low,9,namecheap,,,14/08/2026 05:50
3c3e7019-ee70-4a9b-bc6e-f0851ecc446f,hock.lol,available,1.8,40.98,high,low,4,namecheap,,,09/09/2026 16:33
1b56dd34-52d8-46ba-a278-ba365852fb2a,bellicose.lol,available,1.8,40.98,low,low,9,namecheap,,,09/08/2026 01:44
18606c5e-c208-4a56-be76-1613611f65f2,unpaid.lol,available,1.8,40.98,high,low,6,namecheap,,,
4988b1d7-c17c-42a9-9ab2-7e483292cf33,moistness.lol,available,1.99,45.99,medium,low,9,name.com,,,13/08/2026 16:47
3e96c57b-5477-4d43-8e2e-ac208f54b618,delusive.lol,available,1.8,40.98,medium,low,8,namecheap,,,14/08/2026 00:53
64e647f6-6d86-4d88-9ba6-a09a769765c2,ardisia.lol,available,1.99,32.49,medium,low,7,namesilo,,,20/09/2026 03:10
0fa6095c-5f86-4478-97e6-3cf89084629e,arrowsmith.lol,available,1.99,32.49,medium,low,10,namesilo,,,20/09/2026 09:31
98ab45fc-368a-4c15-819f-daa2658f9c85,store.lol,premium,832,832,high,medium,5,namesilo,,,24/09/2026 16:58
d2a8bac8-7bab-47ac-b3a3-d9e335904baf,febrile.lol,available,1.8,40.98,medium,low,7,namecheap,,,18/08/2026 00:27
566e601c-badd-47d1-9c23-f9dec8def688,clubby.lol,available,1.8,40.98,medium,low,6,namecheap,,,12/08/2026 11:19
700ffe05-35ed-4f0c-9a0f-28747fe4bd2a,guarantee.lol,available,,,high,low,9,,,,
86416c4e-a560-40bb-9cca-3494c50034b3,lupine.lol,available,1.8,40.98,high,low,6,namecheap,,,24/08/2026 11:39
53db556a-cb06-4986-9a0c-21ebd0bfab21,carambola.lol,available,1.99,32.49,medium,low,9,namesilo,,,21/09/2026 09:14
51df5dd6-4d67-4e6f-b9c2-d0b1ad598d3f,sixteenth.lol,available,1.8,40.98,high,low,9,namecheap,,,
2aae4447-a1b6-4990-9455-643c044b2843,supper.lol,available,1.99,,high,low,6,name.com,,,
b5599f81-47fa-448a-8f88-eb172b820a9e,prodromic.lol,available,1.8,40.98,medium,low,9,namecheap,,,09/09/2026 02:46
a0337b8a-8150-41da-99fc-be7f3a74a1da,rheumatic.lol,available,1.8,40.98,medium,low,9,namecheap,,,06/08/2026 23:05
08de8ac5-4a6f-485c-b828-205fb1aa24a0,trier.lol,available,1.99,32.49,medium,low,5,namesilo,,,21/09/2026 01:21
79587017-5d0e-4a4e-b4c7-8397b347c795,beefeater.lol,available,1.8,40.98,medium,low,9,namecheap,,,23/09/2026 01:09
a41c13a0-639c-4661-90dc-361014268dc2,doula.lol,available,1.8,40.98,high,low,5,namecheap,,,23/09/2026 21:09
b35059bc-b440-4554-a636-c945612c1df0,testy.lol,available,1.8,40.98,medium,low,5,namecheap,,,22/08/2026 10:29
2cc79d8b-5659-4256-aba5-367a13a04650,derogative.lol,available,1.8,40.98,medium,low,10,namecheap,,,14/08/2026 03:10
ca0e9cae-b751-4b6b-bb23-f4fcd58ac88a,fluvial.lol,available,1.8,40.98,medium,low,7,namecheap,,,18/08/2026 09:35
48452328-9d4d-48e1-a44a-7dd404dfdce2,sisterly.lol,available,1.8,40.98,high,low,8,namecheap,,,10/09/2026 08:52
159c157f-804f-4830-aebb-c58c51be9426,liquefied.lol,available,1.8,40.98,medium,low,9,namecheap,,,23/08/2026 22:01
39f5ab03-3aef-4e33-be15-9eda01ed14b6,slight.lol,available,1.99,,high,low,6,name.com,,,
314c9087-a4a4-4597-9c29-5d979be34ec4,boffo.lol,available,1.8,40.98,high,low,5,namecheap,,,10/08/2026 16:57
cf555dce-7b2e-4274-8984-be7128bdf924,alpinia.lol,available,1.99,32.49,medium,low,7,namesilo,,,18/09/2026 14:02
aaa9b3fb-1eee-4dda-9914-74602b6d7019,apophthegm.lol,available,1.8,40.98,medium,low,10,namecheap,,,19/09/2026 17:11
3dc6bdd6-988f-4f45-8045-e05c0f2dcb28,paraguayan.lol,available,1.8,40.98,high,low,10,namecheap,,,08/09/2026 00:55
f83d41de-d083-41b3-be52-62678503c8cf,alula.lol,available,1.99,32.49,high,low,5,namesilo,,,18/09/2026 15:04
dc98f080-22d7-448f-9c52-719585d9c8cf,crane.lol,premium,2600,2600,high,low,5,namecheap,,,24/09/2026 19:02
80d719ca-5bee-48ed-b89a-4cbec1284bd3,arguments.lol,available,1.99,32.49,medium,low,9,namesilo,,,16/09/2026 05:03
98e41d5b-c133-4b99-b99d-4304d8414416,mechanical.lol,available,1.99,32.49,high,low,10,namesilo,,,25/09/2026 18:43
4b985a03-1fc3-400e-a88a-6e5abfaecc7c,victual.lol,available,1.8,40.98,medium,low,7,namecheap,,,12/08/2026 18:51
98ac1312-1188-404c-ade3-65354773193d,indication.lol,available,1.99,45.99,high,low,10,name.com,,,24/09/2026 21:52
b4fdd180-e946-4c2e-9328-5933d4488d48,bloomfield.lol,available,1.99,32.49,high,low,10,namesilo,,,25/09/2026 21:57
c9bfc575-442c-4618-9b49-a50de09bc46a,unbiased.lol,available,1.8,40.98,high,low,8,namecheap,,,12/09/2026 01:52
5db3bcd6-fe6d-494d-99d8-fb45c3924882,towed.lol,available,1.99,,medium,low,5,name.com,,,
675a6e6e-d24c-4e47-b53d-663d24049140,chambers.lol,available,1.8,40.98,high,low,8,namecheap,,,08/09/2026 06:47
61fbed47-019c-4856-a1fb-f15de4c236b8,floccose.lol,available,1.8,40.98,medium,low,8,namecheap,,,18/08/2026 08:36
ddbbd797-dd41-4c4f-939d-02d0a7dca1af,sunbeam.lol,available,1.99,,high,low,7,name.com,,,
16060b40-1c29-40aa-8c11-a6989cfd9e02,moresque.lol,available,1.8,40.98,high,low,8,namecheap,,,25/08/2026 06:01
0e1a777b-1415-4750-8500-701e264d8618,wavering.lol,available,1.8,40.98,medium,low,8,namecheap,,,13/09/2026 00:41
009583e1-e081-4b2c-8b73-71ecebf5a34b,emphasise.lol,available,1.99,32.49,high,low,9,namesilo,,,16/09/2026 21:53
459ec9e3-fe31-4ad4-a022-d379d053e109,residual.lol,available,1.8,40.98,high,low,8,namecheap,,,09/09/2026 14:59
607d9001-b003-4b6f-a8c9-77bc5eb16b28,tanning.lol,available,1.8,40.98,high,low,7,namecheap,,,22/08/2026 20:14
905fbfc3-3a41-4eac-98cb-a0e0899ad994,debater.lol,available,1.99,32.49,medium,low,7,namesilo,,,20/09/2026 04:45
4b83d545-1642-4205-bcb2-91d6b10c7e28,luscious.lol,premium,778.7,778.7,high,low,8,name.com,,,14/08/2026 00:22
9e24b752-2716-4677-adc6-e551dccb751d,flashy.lol,available,1.8,40.98,high,low,6,namecheap,,,18/08/2026 06:33
ddbef70b-17b5-4016-9fd8-1f79c6d927b6,nursed.lol,available,1.8,40.98,medium,low,6,namecheap,,,03/09/2026 23:03
9de2d6eb-8bbe-4fb4-adb9-c0b83668e7b4,schismatic.lol,available,1.8,40.98,medium,low,10,namecheap,,,09/09/2026 23:07
4b2858e7-b81a-4cb3-bb6e-b116abad3176,armament.lol,available,1.99,32.49,medium,low,8,namesilo,,,20/09/2026 06:31
41c3f1c8-7fff-4ebe-bb92-599ab6a7205f,quintette.lol,available,1.8,40.98,high,low,9,namecheap,,,09/09/2026 09:00
3da2aa81-2dc6-4f26-b5dc-8dd522e8dd39,polyphonic.lol,available,1.8,40.98,high,low,10,namecheap,,,08/09/2026 23:27
f1c539c7-4507-476a-a1e0-1afb6618f759,chthonic.lol,available,1.8,40.98,medium,low,8,namecheap,,,12/08/2026 07:28
d8879ab5-bba9-4f3c-9045-743f3b42eab2,nutrify.lol,available,1.99,32.49,medium,low,7,namesilo,,,18/09/2026 07:57
5ac975f5-5c6a-44ad-8432-07ca5e94e21e,yoruba.lol,available,1.99,32.49,high,low,6,namesilo,,,18/09/2026 00:15
75defbb4-e3a1-41ab-871b-1db1140cf071,tartness.lol,available,1.99,32.49,medium,low,8,namesilo,,,17/09/2026 03:12
0acbf9c8-35b1-46e9-b45c-440236ca0de2,bowing.lol,available,1.8,40.98,high,medium,6,namecheap,,,10/08/2026 23:25
625b526f-64e8-4540-ba45-91cd91bc35b1,zhang.lol,resell,,,high,low,5,"Chengdu West Dimension Digital Technology Co., Ltd.",11/11/2016 00:00,11/11/2026 23:59,26/09/2026 10:17
3fb791b2-4ba4-4fc0-a21a-1fcbf31768c4,amaranthus.lol,available,1.99,32.49,medium,low,10,namesilo,,,18/09/2026 15:51
6af8f123-c4de-489e-8a86-1ba01f8a576a,squeaking.lol,available,1.8,40.98,medium,low,9,namecheap,,,10/09/2026 00:03
cef9c363-4679-4aa5-bd79-5c1f49ba4fd1,gladys.lol,available,1.99,32.49,medium,low,6,namesilo,,,26/09/2026 03:41
2a98be7c-7493-40c7-9965-55da526a4bab,wives.lol,available,1.99,,medium,low,5,name.com,,,
2b7d355a-9dcc-454c-9da4-b9956e3be178,unlit.lol,available,1.8,40.98,medium,low,5,namecheap,,,12/09/2026 13:03
d930aaac-f719-4b60-89ad-20f0315dd992,hoagy.lol,available,1.8,40.98,high,low,5,namecheap,,,24/09/2026 20:07
f8c12c16-d11c-4085-bf28-6d21283a8bbf,angstrom.lol,available,1.8,40.98,medium,low,8,namecheap,,,16/09/2026 12:44
f929fbcd-1e92-4005-8423-1103a39e2f55,pediatric.lol,available,1.8,40.98,high,low,9,namecheap,,,04/09/2026 22:48
d910d3c9-3514-488c-bdc0-bfc0291428a5,reptilian.lol,available,1.8,40.98,medium,low,9,namecheap,,,09/09/2026 14:40
4c1c7fbb-dcc4-4c91-b5a7-38a29cf8d1fa,rubbery.lol,available,1.8,40.98,medium,low,7,namecheap,,,20/08/2026 20:09
9741410c-676a-4003-988a-fba894c74908,enjoyably.lol,available,1.8,40.98,high,low,9,namecheap,,,13/09/2026 18:24
84bd562e-c9a4-4c7f-b802-9e2875a2f4d9,libyan.lol,available,1.8,40.98,high,low,6,namecheap,,,23/08/2026 00:54
7f152737-44a1-4b6d-940d-f1b9585490c7,midst.lol,available,1.8,40.98,medium,low,5,namecheap,,,11/09/2026 13:11
76ff905d-a7cc-4337-a0f6-9fe1f1d0d9f5,cuban.lol,available,1.8,40.98,high,low,5,namecheap,,,13/08/2026 09:47
b9cf4b61-2c3f-4bec-99e5-cb128c9b3b1c,tiered.lol,available,1.8,40.98,medium,low,6,namecheap,,,11/09/2026 15:49
407ce798-a472-47df-b282-acabffd4d3d7,saucer.lol,available,1.99,,high,low,6,name.com,,,
5b310cf9-49ad-4e79-bd3e-104247b4b8f5,bicorn.lol,available,1.8,40.98,medium,low,6,namecheap,,,09/08/2026 19:30
b89283cb-c6f5-4058-8598-b7b23d3fddba,splattered.lol,available,1.99,45.99,medium,low,10,name.com,,,13/08/2026 15:21
917998a6-5c83-4048-a131-cd47f5c28fab,conducted.lol,available,1.99,32.49,medium,low,9,namesilo,,,
54011338-4026-47e4-86ec-415874000416,picayune.lol,available,1.8,40.98,medium,low,8,namecheap,,,18/08/2026 03:37
629a0d5e-e2cb-42ac-ae7c-a17d2f36328e,chequered.lol,available,1.8,40.98,medium,low,9,namecheap,,,12/08/2026 03:40
3e96a019-29aa-4fa4-835c-d0857984cd71,verbosely.lol,available,1.8,40.98,medium,low,9,namecheap,,,15/09/2026 12:43
74c21f83-6f02-4060-9836-aeb3e80f89ef,cxxxv.lol,available,1.8,40.98,medium,low,5,namecheap,,,
0044c2e2-06db-4e2a-83b2-bccbf25fb902,indulgence.lol,available,1.8,40.98,high,low,10,namecheap,,,05/09/2026 00:24
a6d6e35d-1b82-4a44-b3b6-893794e57c4c,arachnoid.lol,available,1.8,40.98,medium,low,9,namecheap,,,06/08/2026 11:41
5d03dd98-94df-4424-adc6-6f7c6121343a,rodgers.lol,available,1.99,32.49,high,low,7,namesilo,,,25/09/2026 10:22
2b85a2a7-1642-4647-a2bb-0327b79fb5f6,nazarene.lol,available,1.8,40.98,high,low,8,namecheap,,,14/08/2026 23:06
72272f99-1b69-4c59-a42e-ac9089dc2ec5,quintuple.lol,available,1.8,40.98,medium,low,9,namecheap,,,18/08/2026 05:54
44b054eb-db9b-4e19-8659-5675e9c0b54f,braky.lol,available,1.8,40.98,low,low,5,namecheap,,,11/08/2026 01:57
90bf71fe-2575-417b-95c2-67ab5ff29fed,dismissed.lol,available,1.8,40.98,medium,low,9,namecheap,,,24/09/2026 11:01
b1ede143-3fef-46e7-8e84-1cda2d7d0ca7,youngish.lol,available,1.8,40.98,high,low,8,namecheap,,,13/09/2026 14:49
aae0651f-e3a9-408b-949c-229f62bf3d40,bolshie.lol,available,1.8,40.98,medium,low,7,namecheap,,,10/08/2026 17:55
909d1374-3947-4609-9d17-3f00abdec4e8,photocopying.lol,available,1.99,32.49,medium,low,12,namesilo,,,20/09/2026 03:35
fafc54a6-5645-4b54-b161-ea0ba32ef534,interwoven.lol,available,1.8,40.98,high,low,10,namecheap,,,22/08/2026 08:08
f4c5319f-fab2-4e7a-9689-1af9c2e3d114,appraisal.lol,resell,,,high,low,9,Dynadot Inc,17/02/2026 15:49,17/02/2027 23:59,26/09/2026 03:56
e1691bc7-3048-43d3-a266-8b8842b33509,epic.lol,premium,2660,2660,high,medium,4,namesilo,,,24/09/2026 14:28
2ac43a8e-fb3a-49c4-bffe-70166a389abd,knocks.lol,available,1.8,40.98,medium,low,6,namecheap,,,20/09/2026 13:49
65796757-b7d4-414b-9fad-cca8b5457879,exacting.lol,available,1.8,40.98,medium,low,8,namecheap,,,17/08/2026 15:32
372ed970-6dcc-46c3-b12b-3d0be6e1a8a3,actium.lol,available,1.99,32.49,medium,low,6,namesilo,,,17/09/2026 05:08
5c3f6b2d-9cb4-4d00-8717-1b5cd37b7f16,idyllic.lol,available,1.8,40.98,high,low,7,namecheap,,,21/08/2026 18:14
6f9e6466-a7c2-408f-b9e7-74824c4f6b40,jaggy.lol,available,1.8,40.98,medium,low,5,namecheap,,,17/08/2026 12:34
017eb3dc-fcfd-446c-b94e-6358f428e808,tunisian.lol,available,1.8,40.98,high,low,8,namecheap,,,11/09/2026 21:09
97607899-458b-43e1-a08e-fc0310b39190,audiometry.lol,available,1.99,32.49,medium,low,10,namesilo,,,21/09/2026 02:58
98bd4397-c4e1-486a-9735-4255d9ae27b4,shabby.lol,available,1.8,40.98,medium,low,6,namecheap,,,25/08/2026 06:58
2328b87a-ca86-47b7-8ee5-f4f56f848c6a,bareback.lol,premium,2396,2396,medium,low,8,name.com,,,08/08/2026 18:38
c415f426-1163-4ce6-8afd-641ab16d5969,focally.lol,available,1.8,40.98,medium,low,7,namecheap,,,14/09/2026 19:10
a2c9c572-3a1c-49c9-bde5-83c9102c0443,breastfeeding.lol,available,1.99,32.49,high,low,13,namesilo,,,17/09/2026 08:35
bdf5d407-e6e2-442f-901e-a6f0cb055f70,untypical.lol,available,1.8,40.98,medium,low,9,namecheap,,,07/08/2026 16:10
8d482915-a975-4eba-9c45-734197a2295d,outmost.lol,available,1.8,40.98,medium,low,7,namecheap,,,04/09/2026 19:19
1693c532-bd0b-499b-95e1-fd5a5293578c,reducible.lol,available,1.8,40.98,high,medium,9,namecheap,,,09/09/2026 12:24
144104ed-c2be-42fd-8339-9c634839385c,ash.lol,premium,778.7,,high,low,3,name.com,,,
72c8a28d-64a9-4f01-9145-4e14599e2294,thatcher.lol,available,1.99,32.49,high,low,8,namesilo,,,22/09/2026 07:26
b675f41c-fa40-44af-b557-471c4ac60895,antlia.lol,available,1.99,32.49,medium,low,6,namesilo,,,19/09/2026 15:21
2561d4ff-b202-4f3d-92f7-db401755fb3b,legerity.lol,available,,,medium,low,8,,,,17/09/2026 17:50
8f0b3cd7-ae07-4d07-90b8-ff2aa1d5ec2b,xlvi.lol,available,1.8,40.98,medium,low,4,namecheap,,,
9819b688-8485-49eb-a3e9-46e93fee0e53,pulseless.lol,available,1.8,40.98,high,medium,9,namecheap,,,09/09/2026 05:58
99e6f66b-3f3c-4205-abec-1c3fd03bc080,fermium.lol,available,1.99,32.49,medium,low,7,namesilo,,,20/09/2026 21:55
58fb2bdb-e443-4a74-b3b7-0d24a54f9c05,healthful.lol,available,1.8,40.98,high,low,9,namecheap,,,21/08/2026 02:02
cd9b196d-e4a4-4985-afe0-2efa8654f386,unheralded.lol,available,1.8,40.98,medium,low,10,namecheap,,,12/09/2026 00:42
8d9afa9c-542e-47f6-97c6-d595889e9436,chancel.lol,available,1.99,32.49,high,low,7,namesilo,,,23/09/2026 07:13
7a1b07a8-42f3-47b0-8ac0-dfe4cb491aeb,comes.lol,available,1.99,32.49,high,low,5,namesilo,,,17/09/2026 22:46
d029776c-d91a-4cf9-ac2d-a8de7ed2978e,flabby.lol,available,1.8,40.98,medium,low,6,namecheap,,,18/08/2026 06:05
dc5dbfac-0d63-4b47-a6b2-32bd9fe3ec18,touching.lol,available,,,high,low,8,,,,
1ba58e13-133b-4f3d-9154-d44a75bdab16,rudiment.lol,available,1.99,32.49,medium,low,8,namesilo,,,16/09/2026 14:36
2cfd6a0d-dad4-481f-a9aa-c884c9f46739,merchandise.lol,available,1.8,40.98,high,low,11,namecheap,,,25/09/2026 14:54
9ac77801-9582-4a01-bbd8-6e5629c5b365,granular.lol,available,1.8,40.98,medium,low,8,namecheap,,,12/08/2026 06:52
253d3cd6-68d2-4d76-a8cf-7ec219cdfb5a,barbette.lol,available,1.99,32.49,medium,low,8,namesilo,,,22/09/2026 04:54
20a21dce-06d4-4006-99e4-3a855fddf9d0,sedulous.lol,available,1.8,40.98,medium,low,8,namecheap,,,07/08/2026 06:14
8e85233a-2af8-4703-8908-f56fed9aecdb,condense.lol,available,1.99,32.49,high,low,8,namesilo,,,
a83b3f07-5ed5-4677-ac28-1e5ca737e2e0,attended.lol,available,1.99,32.49,high,low,8,namesilo,,,22/09/2026 11:17
acf69d3d-f78a-42bb-99d9-ea06295dd05e,spoke.lol,resell,,,high,low,5,Dynadot Inc,16/05/2026 13:03,16/05/2027 23:59,26/09/2026 09:13
a74aa3e3-7dc5-48a4-84c6-028de866536a,bottoms.lol,available,1.8,40.98,medium,low,7,namecheap,,,20/09/2026 18:24
8fb4310a-e529-4925-b210-14017c5ea008,backhoe.lol,available,1.99,32.49,high,low,7,namesilo,,,21/09/2026 15:37
1128fb44-888c-4831-8ec7-a9343d76fe36,astray.lol,available,1.8,40.98,medium,low,6,namecheap,,,13/09/2026 22:14
99755543-1114-43b6-99e7-7bafba2e6f37,vesalius.lol,available,1.99,32.49,medium,low,8,namesilo,,,19/09/2026 04:28
92ea0bf6-89f1-4805-aea7-90db1e247fb9,norwich.lol,available,1.99,32.49,high,low,7,namesilo,,,25/09/2026 14:43
86a2ac23-60f6-44d4-8d59-981bfb26db58,capsulate.lol,available,1.8,40.98,medium,low,9,namecheap,,,11/08/2026 18:10
d3955e80-9e6a-40c7-bb2d-93c3f8276250,osmotic.lol,available,1.8,40.98,medium,low,7,namecheap,,,04/09/2026 18:15
05d54a4c-ed63-482a-8942-b15f93fde8e2,soundless.lol,available,1.8,40.98,high,medium,9,namecheap,,,10/09/2026 08:06
d19de093-eea1-422a-b9f7-65215ed46d4b,unimpeded.lol,available,1.8,40.98,medium,low,9,namecheap,,,12/09/2026 13:10
3109937c-5311-4d12-91a8-217509df8d04,peking.lol,available,1.8,40.98,high,low,6,namecheap,,,23/09/2026 04:13
d9f6b9da-9112-46bf-9a01-b092a346ae04,unbacked.lol,available,1.8,40.98,high,medium,8,namecheap,,,10/09/2026 08:27
3f2f8762-de2c-46ab-a0dd-0fa05bae56a1,kidnapping.lol,available,1.99,32.49,medium,low,10,namesilo,,,25/09/2026 08:11
ffce3089-6f52-4f0c-89f8-fc7fb22c5233,unlocking.lol,available,1.99,,high,low,9,name.com,,,
c81c7c05-7b82-482f-ae15-2d46fb910ab5,amino.lol,available,,,high,low,5,,,,
0394da74-aa8f-4122-ab2e-ffee6efccda3,laconic.lol,available,1.8,40.98,medium,low,7,namecheap,,,22/08/2026 18:14
1f179c1a-33ec-4735-9040-a14a59fe16bf,caliginous.lol,available,1.8,40.98,low,low,10,namecheap,,,11/08/2026 14:25
073466bb-cec1-4243-95b8-aa0aa1f75112,stalled.lol,available,1.99,32.49,medium,low,7,namesilo,,,20/09/2026 17:27
23fea55f-87ca-49b8-8dbd-5780f1898dbe,allmouth.lol,available,1.8,40.98,medium,low,8,namecheap,,,18/09/2026 11:45
133c3588-65e5-48ac-a41b-92c5c2f8b042,adhere.lol,available,1.99,32.49,high,low,6,namesilo,,,23/09/2026 17:04
d5225554-5d3c-4021-af88-c69f38cb9086,suspicious.lol,available,1.8,40.98,medium,low,10,namecheap,,,22/08/2026 22:28
04920f5b-5ae7-4b01-ad3e-a34700b1028e,alluvium.lol,available,1.8,40.98,medium,low,8,namecheap,,,18/09/2026 12:20
49d35935-f459-45f2-bc35-b6eebaa2d7b5,greasewood.lol,available,1.99,32.49,medium,low,10,namesilo,,,24/09/2026 00:46
b260f9d4-6fdb-47e5-931e-386e50eee744,fragmental.lol,available,1.8,40.98,high,low,10,namecheap,,,18/08/2026 14:01
ffee8c05-3dc6-4f78-acaa-3f54eb5e7299,reverently.lol,available,1.8,40.98,medium,low,10,namecheap,,,15/09/2026 23:35
27dfa0b1-62db-41ee-ba9b-60044b4e3ed1,realizable.lol,available,1.99,32.49,high,low,10,namesilo,,,21/09/2026 15:51
18aff985-ec2b-445e-b9cb-2a5235a8a990,uncritical.lol,available,1.8,40.98,medium,low,10,namecheap,,,12/09/2026 06:26
d9722a5c-df9b-4231-b360-10daa9a4ff3a,allylic.lol,available,1.8,40.98,medium,low,7,namecheap,,,
d1016b8f-662f-4d16-9619-ae66cfc6f7d5,pictorial.lol,available,1.8,40.98,high,low,9,namecheap,,,23/08/2026 01:46
448c366a-0bb5-4650-bfe1-cefd8d288382,snapchat.lol,premium,2396,,high,low,8,name.com,,,